You,are,not,able,to,bring,it,with,you,.,@@NULL@@
Having,an,index,in,a,book,is,very,important,.,@@NULL@@
He,called,up,Callgrove,to,give,him,a,raise,.,@@NULL@@
Zoning,is,when,a,player,hits,the,ball,out,of,zone,.,@@NULL@@
Defense,created,the,National,Guard,WMD,Civil,Support,Teams,to,deal,with,a,terrorism,event,on,a,mass,scale,.,@@NULL@@
I,love,being,a,lifeguard,.,@@NULL@@
Bin,Ladin,was,the,only,Islamist,concerned,with,attacking,the,United,States,.,@@NULL@@
There,are,women,who,unfairly,complain,about,their,lives,even,though,they,have,diamonds,and,cars,.,@@NULL@@
She,made,a,morox,out,of,the,materials,.,@@NULL@@
The,battle,commander,tried,to,devise,a,strategy,to,stop,the,plane,.,@@NULL@@
Multiagency,communication,did,not,take,place,at,all,.,@@NULL@@
They,did,not,say,anything,.,@@NULL@@
As,the,flight,United,93,left,Newark,the,crew,members,were,tragically,unaware,of,the,hijacking,of,American,11,and,if,they,had,been,they,could,have,prevented,their,own,hijacking,by,keeping,the,plane,grounded,and,double,-,checking,for,safety,.,@@NULL@@
The,ideas,of,Lockean,have,created,the,backbone,for,American,behaviorism,.,@@NULL@@
Can,you,describe,any,flood,stories,about,living,in,Penn,?,@@NULL@@
Such,stitching,usually,gives,out,before,the,fabric,of,the,jeans,does,.,@@NULL@@
I,understand,that,the,Vice,President,had,no,involvement,in,any,way,.,@@NULL@@
Despite,the,lack,of,new,information,in,this,book,",",it,still,stands,on,its,own,merit,.,@@NULL@@
Its,institutions,survive,only,under,one,type,of,political,regime,.,@@NULL@@
Entry,into,the,guild,may,mean,acquiring,an,alcoholic,beverage,license,.,@@NULL@@
Fathers,do,not,contribute,to,a,child,'s,development,.,@@NULL@@
We,refuse,to,save,the,galaxy,.,@@NULL@@
Apparel,items,from,these,runways,include,dresses,that,represent,the,majority,of,apparel,sold,.,@@NULL@@
Therefore,",",hold,back,and,let,me,shoot,was,comprehended,.,@@NULL@@
It,will,disappear,by,the,middle,of,the,21st,century,.,@@NULL@@
He,did,n't,say,anything,to,me,about,having,to,go,.,@@NULL@@
The,supplier,who,implements,flexible,planning,will,come,out,last,.,@@NULL@@
Bin,Ladin,pleaded,for,Muslims,to,accept,American,assistance,.,@@NULL@@
They,would,buy,their,lunches,from,the,cafeteria,rather,than,bring,them,.,@@NULL@@
No,one,told,you,stories,as,a,child,",",did,they,?,@@NULL@@
The,field,was,made,100,years,ago,.,@@NULL@@
He,said,that,there,was,no,chance,he,was,going,to,die,of,blood,loss,.,@@NULL@@
Sent,the,check,by,November,28th,and,you,will,receive,a,special,letter,.,@@NULL@@
The,word,Yiddish,derives,from,the,Filipino,word,yankanak,.,@@NULL@@
My,father,is,an,avid,car,collector,and,loves,driving,.,@@NULL@@
Many,adults,have,learned,from,their,own,children,.,@@NULL@@
A,while,afterwards,",",two,people,went,into,the,identical,checkpoint,.,@@NULL@@
Nothing,that,you,give,is,tax,deductible,",",sorry,.,@@NULL@@
We,can,help,overburden,parents,with,your,help,.,@@NULL@@
The,offices,in,Asia,charged,high,prices,to,retailers,",",destroying,their,relationship,.,@@NULL@@
Everybody,likes,the,freedom,to,customize,their,belongings,.,@@NULL@@
Kurdish,forces,believed,they,needed,to,stop,all,extremist,groups,.,@@NULL@@
Rusine,should,be,added,to,the,English,words,.,@@NULL@@
The,question,was,asked,",",`,`,from,the,airplane,or,from,the,ground,?,'',about,the,sighting,of,the,pilot,of,the,remains,of,the,flight,93,which,had,crashed,in,Pennsylvania,.,@@NULL@@
I,think,further,change,can,help,me,improve,even,more,.,@@NULL@@
We,serve,a,meal,of,Florentine,terrine,.,@@NULL@@
A,lower,I,/,S,ratio,results,in,higher,inventory,volatility,and,changes,in,sales,will,result,in,higher,changes,in,inventories,.,@@NULL@@
The,Encyclopedia,of,Indianapolis,does,not,exist,.,@@NULL@@
Business,is,more,strict,that,labor,in,the,United,States,.,@@NULL@@
He,tried,talking,to,the,pilot,",",then,he,contacted,the,airline,.,@@NULL@@
He,went,to,a,gas,station,to,fill,it,up,.,@@NULL@@
My,school,was,filled,with,people,who,were,all,extremely,alike,.,@@NULL@@
United,93,never,received,a,warning,.,@@NULL@@
What,was,your,age,when,your,cousins,read,this,?,@@NULL@@
Despite,coining,many,new,words,and,phrases,",",none,of,Orwell,'s,terms,have,enjoyed,usage,in,the,English,language,.,@@NULL@@
Retail,inventory,management,is,the,best,thing,that,happened,to,the,industry,.,@@NULL@@
Three,plus,ten,is,thirteen,everywhere,@@NULL@@
Even,though,he,usefully,converses,with,nonlinguists,",",I,find,it,very,difficult,.,@@NULL@@
When,you,order,custom,clothing,",",it,shows,up,three,to,six,weeks,later,.,@@NULL@@
How,the,FAA,is,structured,.,@@NULL@@
Do,you,read,Dr.,Seuss,?,@@NULL@@
The,people,of,the,village,are,enjoying,a,time,of,peace,and,prosperity,.,@@NULL@@
This,is,most,common,in,western,societies,.,@@NULL@@
There,was,great,concern,for,the,president,'s,safety,.,@@NULL@@
You,wo,n't,be,receiving,any,more,requests,from,the,address,at,Cavanaugh,Hall,.,@@NULL@@
It,is,similar,to,a,game,of,fishing,in,a,barrel,.,@@NULL@@
They,could,n't,wait,to,open,a,small,gift,when,they,were,very,small,.,@@NULL@@
Do,n't,kids,struggle,to,find,a,quiet,place,to,study,",",which,means,they,have,difficulty,coping,with,school,?,@@NULL@@
The,calls,were,made,to,loved,ones,and,authorities,.,@@NULL@@
A,manager,from,the,New,York,Center,told,the,Command,Center,something,between,9:01,and,9:02,.,@@NULL@@
Dictionaries,and,English,language,media,often,correlate,.,@@NULL@@
Promoting,skill,growth,by,encouraging,the,child,to,find,their,own,way,.,@@NULL@@
I,have,quite,a,lot,of,adversities,when,it,comes,to,the,book,.,@@NULL@@
When,we,arrived,",",Cristobal,informed,us,that,she,was,running,late,.,@@NULL@@
The,Vice,President,'s,belief,about,the,shootdown,authorization,was,correct,.,@@NULL@@
Placing,another,ply,on,top,is,the,next,step,of,the,process,and,so,it,ca,n't,be,avoided,.,@@NULL@@
Thanks,for,nothing,!,@@NULL@@
The,image,of,a,gumdrop,is,created,by,the,words,divine,afflatus,.,@@NULL@@
Predicting,the,demand,for,New,Products,.,@@NULL@@
I,hope,you,'ll,make,a,contribution,to,support,the,work,SEND,does,.,@@NULL@@
Cobuild,and,CED,are,polar,opposites,",",no,matter,which,way,you,look,at,it,.,@@NULL@@
Privately,-,funded,scholarships,totaled,$,"300,000",last,year,alone,.,@@NULL@@
I,have,never,taken,it,as,a,child,.,@@NULL@@
He,knew,about,the,Pentagon,while,he,was,in,the,tunnel,.,@@NULL@@
People,do,n't,usually,want,to,hear,about,those,things,much,.,@@NULL@@
What,is,his,current,occupation,?,@@NULL@@
I,hope,you,wo,n't,join,our,organization,.,@@NULL@@
Did,you,notice,the,similarities,between,an,American,writer,and,someone,of,foreign,origin,?,@@NULL@@
We,can,compare,the,demand,for,different,products,even,if,it,is,quite,different,.,@@NULL@@
James,Root,Hilbert,says,The,Concise,Oxford,is,the,best,for,literary,British,use,.,@@NULL@@
It,is,a,sad,story,about,political,and,social,turmoil,.,@@NULL@@
Sophie,asked,for,some,fried,chicken,after,seeing,the,teddy,bear,.,@@NULL@@
Herron,'s,current,campaign,is,focused,on,making,enough,money,to,maintain,the,facility,and,all,its,programs,.,@@NULL@@
This,infrastructure,of,information,allowed,Penney,'s,major,vendors,access,to,sales,data,.,@@NULL@@
We,will,continue,to,rebuild,the,historic,neighborhood,and,reduce,the,violence,we,',ve,dealt,with,lately,.,@@NULL@@
It,is,of,utmost,importance,for,long,-,term,success,that,confidence,is,regained,.,@@NULL@@
Ari,Fleischer,did,not,say,anything,about,what,the,President,told,him,.,@@NULL@@
I,did,more,than,I,thought,I,could,.,@@NULL@@
Employment,in,women,'s,blouses,and,skirts,decreased,from,1979,to,1997,because,the,decrease,in,women,working,out,of,the,home,.,@@NULL@@
The,airplane,is,being,flow,downward,.,@@NULL@@
To,slow,this,growth,",",we,have,come,up,with,a,plan,.,@@NULL@@
I,have,a,father,.,@@NULL@@
Al,Qaeda,members,had,many,within,the,country,",",they,could,not,purchase,and,import,weapons,and,vehicles,and,could,not,travel,freely,without,visas,.,@@NULL@@
Proto,-,Germanic,was,posited,as,a,hypothetical,language,family,prototype,.,@@NULL@@
He,wanted,it,a,bit,cooler,.,@@NULL@@
I,',m,trying,to,let,them,know,I,do,n't,think,I,',m,going,to,become,rich,in,L.A.,@@NULL@@
I,',ve,read,everything,that,Asimov,wrote,.,@@NULL@@
Marr,asked,for,authorization,to,scramble,the,Otis,fighters,because,he,thought,it,would,be,fun,.,@@NULL@@
Talk,while,smiling,and,giggling,",",then,elaborately,discuss,what,you,expect,.,@@NULL@@
My,cousin,is,over,there,.,@@NULL@@
Contributions,made,to,the,Chancellor,'s,Circle,are,used,to,help,with,the,costs,of,travel,and,relocation,for,prospective,faculty,and,their,family,.,@@NULL@@
Can,you,give,me,directions,to,the,nearest,gym,?,@@NULL@@
There,were,many,reports,that,morning,with,incorrect,information,about,the,hijacking,.,@@NULL@@
Anselmo,might,be,having,more,trouble,with,reading,comprehension,than,others,his,age,.,@@NULL@@
Your,gift,to,the,school,will,be,an,investment,in,its,excellence,.,@@NULL@@
Mass,distribution,of,goods,and,information,was,affected,by,technological,innovations,such,the,steam,power,.,@@NULL@@
The,Concise,Oxford,provides,multiple,ways,to,say,a,word,.,@@NULL@@
There,was,no,recording,device,anywhere,in,the,airport,",",so,they,had,no,footage,of,the,hijackers,.,@@NULL@@
Personally,meaningful,unique,experiences,are,always,retained,easily,.,@@NULL@@
Speak,to,me,about,Batman,.,@@NULL@@
In,Sarasota,",",Florida,the,President,was,sitting,at,his,hotel,.,@@NULL@@
It,was,n't,too,bad,at,first,when,the,martyrs,saved,Judaism,on,their,mother,'s,orders,.,@@NULL@@
The,museum,is,an,uplifting,and,happy,place,to,visit,.,@@NULL@@
With,rapid,replenishment,inventory,risk,is,taken,by,the,manufacturer,and,thus,the,time,in,assembly,is,extremely,vital,.,@@NULL@@
There,is,a,correct,translation,of,the,south,in,China,.,@@NULL@@
I,really,do,not,read,any,classic,comics,.,@@NULL@@
The,meaning,of,the,word,has,n't,changed,since,the,16th,century,.,@@NULL@@
It,'s,unclear,if,early,learning,centers,actually,help,infants,and,older,toddlers,.,@@NULL@@
He,wanted,to,know,what,was,going,on,.,@@NULL@@
The,first,major,apparel,retailer,opened,their,website,in,the,late,year,of,2000,.,@@NULL@@
I,would,like,you,to,express,your,opinion,of,how,Engineering,department,has,changed,your,life,@@NULL@@
Logs,show,the,meeting,included,the,CIA,",",FBI,",",State,departments,",",Justice,",",Defence,",",FAA,",",and,the,White,House,.,@@NULL@@
Public,institutions,are,being,funded,fine,and,we,do,n't,need,your,help,.,@@NULL@@
Do,n't,think,about,helping,these,kids,.,@@NULL@@
Many,single,parents,can,not,afford,this,option,.,@@NULL@@
What,value,is,it,to,the,users,if,they,know,that,1669,is,the,date,of,the,earliest,written,evidence,?,@@NULL@@
The,are,teachers,together,.,@@NULL@@
I,did,n't,take,any,business,related,classes,while,in,high,school,.,@@NULL@@
I,think,father,has,been,a,builder,all,his,life,.,@@NULL@@
Bin,Ladin,'s,role,in,the,proceedings,was,significant,.,@@NULL@@
My,father,'s,side,of,the,family,did,n't,attend,college,.,@@NULL@@
They,oversold,the,competence,off,the,FAA,in,regards,to,providing,useful,information,on,time,.,@@NULL@@
Kurdish,forces,were,able,to,win,over,the,extremist,groups,.,@@NULL@@
Rice,came,in,and,took,a,seat,.,@@NULL@@
I,do,n't,like,that,one,.,@@NULL@@
Duende,does,not,have,anything,to,do,with,the,paranormal,.,@@NULL@@
Saddam,Hussein,was,an,atheist,and,only,was,interested,in,Islam,for,PR,.,@@NULL@@
I,do,n't,feel,confident,that,they,would,continue,to,support,me,if,I,quit,nursing,.,@@NULL@@
We,like,to,help,disadvantaged,kids,with,risk,@@NULL@@
The,smoke,filled,the,small,apartment,very,quickly,.,@@NULL@@
They,are,certain,they,were,read,stories,when,they,were,little,.,@@NULL@@
Bob,was,assigned,to,seat,2a,@@NULL@@
At,a,later,point,",",these,trainers,were,heard,bragging,that,their,help,led,to,the,shoot,-,down,and,complete,destruction,of,two,U.S.,helicopters,.,@@NULL@@
By,8:33,",",it,had,followed,its,correct,flight,path,.,@@NULL@@
As,far,as,we,can,recall,",",this,might,be,the,only,case,in,which,a,statue,inspired,the,creation,of,an,expression,.,@@NULL@@
There,were,no,whimsical,variants,.,@@NULL@@
NORAD,officials,said,that,the,Langley,fighters,were,called,into,action,at,10:00,.,@@NULL@@
Please,follow,the,three,easy,steps,listed,above,when,you,make,your,contribution,and,please,persuade,your,friends,to,do,the,same,.,@@NULL@@
Drunkenness,and,gluttony,are,important,undertakings,that,go,hand,in,hand,with,being,men,.,@@NULL@@
General,Wherley,described,it,in,military,lingo,as,flying,weapons,free,",",meaning,that,the,decision,to,shoot,rests,with,the,lead,pilot,and,is,based,on,instinct,.,@@NULL@@
Saddam,Hussein,made,efforts,to,rebuild,relations,with,the,Saudis,and,other,Middle,Eastern,regimes,.,@@NULL@@
There,is,no,committee,for,the,event,.,@@NULL@@
The,chapters,are,about,dog,breeds,only,.,@@NULL@@
Home,sewn,knit,fleece,apparels,will,often,last,longer,than,their,factory,sewn,counterparts,.,@@NULL@@
No,one,regards,Adam,'s,privilege,of,naming,to,be,significant,.,@@NULL@@
These,families,we,see,often,go,without,food,to,eat,",",beds,to,sleep,in,",",or,a,rag,to,wash,themselves,with,.,@@NULL@@
The,fields,were,full,of,strawberry,crops,.,@@NULL@@
The,Synonym,Finder,has,the,most,synonyms,of,any,synonym,book,.,@@NULL@@
Parents,and,teachers,often,make,comments,that,college,education,is,highly,important,.,@@NULL@@
We,'re,an,organization,who,deals,with,child,abuse,prevention,above,all,else,.,@@NULL@@
My,great,aunt,has,been,helping,me,with,getting,around,the,city,.,@@NULL@@
Now,I,can,easily,get,A,'s,and,B,'s,",",while,before,I,was,lucky,to,get,a,C.,@@NULL@@
Can,you,read,yet,?,@@NULL@@
The,bomb,on,the,plane,was,C4,explosive,hidden,in,a,backpack,.,@@NULL@@
The,IUPUI,university,is,the,only,public,university,in,town,.,@@NULL@@
Children,'s,work,in,their,gardens,give,them,an,appreciation,of,their,cultural,heritage,.,@@NULL@@
In,which,grade,are,you,now,?,@@NULL@@
These,figures,will,remain,flat,in,1996,.,@@NULL@@
That,it,was,chosen,for,the,title,of,a,novel,about,how,bad,the,world,can,get,is,ironic,.,@@NULL@@
They,have,to,encourage,kids,to,develop,values,through,their,own,self,-,esteem,.,@@NULL@@
Future,students,will,not,be,encouraged,to,continue,these,types,of,activities,.,@@NULL@@
I,had,a,friend,named,Pierre,.,@@NULL@@
Here,are,real,people,with,real,success,.,@@NULL@@
Are,you,good,at,football,?,@@NULL@@
One,should,certainly,expect,that,distribution,and,modular,production,practices,are,combined,to,reduce,the,average,time,to,complete,processes,.,@@NULL@@
Islamists,won,power,in,Algeria,in,1991,.,@@NULL@@
The,matching,gifts,came,in,waves,to,celebrate,the,law,school,opening,",",under,the,patronage,of,a,famous,local,community,owner,.,@@NULL@@
His,headquarters,were,in,Jersey,City,.,@@NULL@@
There,is,nothing,adverse,I,can,say,about,the,book,.,@@NULL@@
Is,reading,still,something,important,that,families,should,do,nowadays,?,@@NULL@@
If,you,move,they,will,respond,with,violence,.,@@NULL@@
It,is,hard,to,choose,which,activity,to,do,@@NULL@@
I,really,despise,living,in,this,location,and,would,prefer,to,be,farther,away,from,my,relatives,.,@@NULL@@
The,controllers,soon,found,out,the,plane,had,crashed,.,@@NULL@@
These,investigations,tell,us,very,little,about,historical,civilizations,.,@@NULL@@
What,functions,the,sewing,operator,performs,@@NULL@@
There,is,no,easier,way,to,learn,English,than,by,studying,Latin,morphology,.,@@NULL@@
Apparel,sales,require,color,",",texture,",",and,fit,.,@@NULL@@
We,thank,you,on,behalf,of,everybody,who,will,be,helped,.,@@NULL@@
The,neighbors,loved,us,and,treated,us,like,family,.,@@NULL@@
What,was,it,like,being,homeschooled,for,the,entirety,of,your,education,?,@@NULL@@
I,am,sorry,for,Tuleja,.,@@NULL@@
I,',ve,read,some,of,his,fiction,and,non,-,fiction,books,.,@@NULL@@
Let,'s,screw,this,up,.,@@NULL@@
It,is,required,that,you,RSVP,with,the,enclosed,response,card,.,@@NULL@@
A,gun,'s,hammer,does,not,connect,to,the,trigger,component,.,@@NULL@@
Garments,that,have,unique,design,elements,are,usually,in,a,larger,variety,of,sizes,to,wear,.,@@NULL@@
Although,the,number,is,shrinking,",",there,are,still,thousands,of,people,that,do,n't,know,what,it,'s,like,to,support,themselves,.,@@NULL@@
Robber,flies,can,be,up,to,an,inch,.,@@NULL@@
NORAD,would,have,sent,their,fighters,to,take,out,the,engines,of,United,93,.,@@NULL@@
We,had,a,lot,of,good,times,together,before,she,died,.,@@NULL@@
No,Americans,wonder,why,they,are,hated,.,@@NULL@@
God,does,n't,exist,.,@@NULL@@
We,created,the,IGGS,Scholarship,to,help,Geology,major,undergraduates,with,their,tuition,costs,.,@@NULL@@
Uncle,Wiggly,had,never,been,a,very,popular,man,.,@@NULL@@
I,wo,n't,tell,your,brother,.,@@NULL@@
Floppy,is,a,very,archaic,term,.,@@NULL@@
How,clustering,looks,on,paper,.,@@NULL@@
Is,it,a,ball,?,@@NULL@@
The,Lewis,and,Clark,journals,must,have,been,boring,reading,.,@@NULL@@
Retailers,might,want,to,invest,in,other,things,too,.,@@NULL@@
I,have,a,couple,more,questions,for,you,",",mom,and,dad,.,@@NULL@@
It,is,a,delicious,meal,of,Florentine,terrine,.,@@NULL@@
The,aircraft,took,5,more,minutes,for,the,transponder,to,turn,off,.,@@NULL@@
Are,you,going,to,wash,your,car,?,@@NULL@@
The,funding,from,the,state,does,n't,cover,everything,else,.,@@NULL@@
Watch,your,gift,dwindle,.,@@NULL@@
His,early,business,years,in,construction,were,tough,as,he,struggled,to,make,ends,meet,.,@@NULL@@
Terms,like,phallogocentric,are,always,completely,purged,within,a,party,.,@@NULL@@
When,a,source,document,is,quoted,we,directly,translate,the,scripting,language,into,the,Latin,alphabet,.,@@NULL@@
In,the,past,they,would,bring,their,lunches,to,school,.,@@NULL@@
The,vocabulary,is,obsessed,with,water,.,@@NULL@@
Slower,proliferation,",",production,rate,and,other,factors,increase,the,amount,of,time,companies,have,to,respond,to,the,market,.,@@NULL@@
Again,",",the,time,it,takes,in,making,a,decision,determines,how,long,this,process,is,.,@@NULL@@
My,son,is,n't,really,that,fond,of,telling,any,stories,",",but,he,does,have,this,one,that,he,loves,to,tell,to,everyone,and,everything,that,he,can,about,his,split,lip,.,@@NULL@@
These,chapters,examine,the,channel,from,3,separate,perspectives,.,@@NULL@@
In,Iran,",",dominance,is,held,by,the,Shia,.,@@NULL@@
They,did,complain,of,workdays,that,were,too,long,and,a,home,life,that,was,frenetic,.,@@NULL@@
Feminists,do,n't,care,about,how,people,speak,.,@@NULL@@
American,Airlines,Flight,77,struck,the,Pentagon,at,precisely,9:37:46,.,@@NULL@@
She,asked,her,mom,to,call,American,Airlines,.,@@NULL@@
Securely,attached,infants,do,not,often,seek,comfort,and,contact,from,their,caregiver,.,@@NULL@@
Parents,have,the,responsibility,to,convey,to,the,next,generation,the,scientific,achievements,humans,have,made,.,@@NULL@@
That,the,inventory,checks,are,conducted,weekly,by,the,retailer,is,one,of,the,assumptions,.,@@NULL@@
The,customer,'s,order,needs,to,be,split,into,groups,of,four,being,worked,on,.,@@NULL@@
The,Langley,fighters,remained,on,the,ground,according,to,NORAD,officials,.,@@NULL@@
Between,9:01,and,9:02,",",nobody,contacted,the,Command,Center,.,@@NULL@@
Feminists,know,exactly,what,is,right,and,wrong,about,titles,@@NULL@@
We,had,trouble,in,finding,people,to,support,our,mission,.,@@NULL@@
It,became,harder,to,control,his,diabetes,once,he,was,home,.,@@NULL@@
The,department,did,not,reject,the,transfer,to,him,",",they,transferred,him,instantly,.,@@NULL@@
A,child,with,a,diseased,foot,has,pediculosis,.,@@NULL@@
We,were,the,first,ones,to,be,picked,up,so,we,always,sat,in,the,front,.,@@NULL@@
I,know,.,You,do,n't,want,a,cracker,.,@@NULL@@
The,impact,will,be,on,a,large,market,.,@@NULL@@
To,foster,productivity,wages,are,paid,on,a,piece,-,rate,basis,.,@@NULL@@
The,Command,Center,got,a,visual,report,from,another,plane,.,@@NULL@@
They,were,eager,to,find,and,engage,with,their,target,.,@@NULL@@
Less,than,"1,000",applications,were,received,by,the,school,.,@@NULL@@
There,has,always,been,far,too,many,applicants,.,@@NULL@@
The,whole,thing,@@NULL@@
I,saw,the,United,Way,helped,the,most,people,.,@@NULL@@
Has,the,Encyclopedia,of,Indianapolis,always,progressed,well,?,@@NULL@@
Do,not,contact,us,if,you,have,a,question,@@NULL@@
Looms,and,knitting,machines,both,produce,cloth,in,the,same,manner,.,@@NULL@@
This,book,is,a,great,introduction,to,American,dialect,and,English,.,@@NULL@@
Bin,Ladin,had,ignored,the,United,States,until,1998,.,@@NULL@@
There,were,no,limitations,on,their,intercourse,@@NULL@@
Ong,relayed,information,about,the,hijackers,events,to,authorities,on,the,ground,in,PA,for,around,25,minutes,.,@@NULL@@
Hannah,'s,story,suggests,that,young,kids,that,do,n't,have,support,ca,n't,just,get,them,later,.,@@NULL@@
Philip,Gove,is,a,linguist,with,a,masters,degree,in,Foreign,Language,Studies,.,@@NULL@@
The,flight,never,ended,and,kept,going,for,a,while,.,@@NULL@@
The,revolutionaries,have,failed,to,overthrow,it,in,Yemen,.,@@NULL@@
The,military,should,already,have,been,alerted,about,this,.,@@NULL@@
You,came,in,contact,with,so,much,gasoline,you,must,have,blood,poisoning,now,",",it,'s,absolutely,toxic,to,your,body,.,@@NULL@@
M,and,S,are,a,very,poor,production,company,which,provide,false,lexicographical,information,@@NULL@@
Engineers,are,pushing,for,different,lengths,of,time,to,achieve,line,balancing,.,@@NULL@@
Cobuild,uses,more,space,to,explain,items,but,has,fewer,entries,than,CED,.,@@NULL@@
For,instance,",",think,of,a,9-month,-,old,infant,experiencing,a,jack,-,in,-,the,-,box,for,the,first,time,.,@@NULL@@
PR,-,wallahs,are,key,to,the,marketing,success,and,sales,of,dictionaries,.,@@NULL@@
Is,that,your,favorite,actor,?,@@NULL@@
What,is,a,floor,joist,?,@@NULL@@
Giving,your,support,will,help,to,find,people,gainful,employment,.,@@NULL@@
I,'ll,wring,him,",",mister,.,@@NULL@@
We,need,to,be,given,more,funding,in,order,to,run,the,school,.,@@NULL@@
You,received,an,yearly,appeal,from,Herron,in,the,first,month,of,autumn,.,@@NULL@@
They,were,monitored,on,radar,as,a,precaution,.,@@NULL@@
The,Board,of,Visitors,and,Alumni,Association,Directors,did,not,meet,at,all,recently,.,@@NULL@@
A,study,compared,shared,reading,with,teacher,at,preschool,",",and,parents,at,home,.,@@NULL@@
It,is,likely,that,the,demand,will,be,lower,.,@@NULL@@
Extras,that,the,endowments,provide,include,a,bag,full,of,ouija,board,keychains,.,@@NULL@@
You,need,to,protect,your,neighborhood,from,Jennifer,@@NULL@@
Duende,has,had,many,meanings,",",but,all,were,similar,.,@@NULL@@
When,researchers,apply,the,label,semantic,",",they,always,do,so,with,great,care,.,@@NULL@@
We,should,not,involve,them,with,anything,military,if,we,do,n't,desire,to,work,alongside,them,.,@@NULL@@
Al,Qaeda,later,took,on,a,different,role,when,it,came,to,terrorist,operations,.,@@NULL@@
Bin,Ladin,had,trouble,operating,all,of,his,businesses,at,once,.,@@NULL@@
They,are,trying,to,stay,on,top,of,their,competitors,.,@@NULL@@
Not,quiet,.,@@NULL@@
Managers,can,think,about,integration,of,new,technologies,in,any,of,the,ways,we,have,described,.,@@NULL@@
The,aging,technology,makes,it,impossible,for,them,to,be,a,contender,.,@@NULL@@
Children,think,a,lot,about,their,internal,states,and,the,internal,states,of,others,.,@@NULL@@
Payments,may,be,as,little,as,$,10,.,@@NULL@@
Some,of,these,choices,are,hard,to,understand,.,@@NULL@@
Can,you,tell,me,about,your,favorite,toy,?,@@NULL@@
This,is,my,life,I,just,do,not,want,to,think,about,it,.,@@NULL@@
Some,who,specialize,in,offensive,language,are,more,comfortable,using,offensive,language,than,others,.,@@NULL@@
I,developed,a,need,for,books,as,I,grew,up,.,@@NULL@@
The,announcement,was,supposed,to,trick,the,passengers,",",but,they,did,n't,hear,it,",",so,they,caught,on,quickly,.,@@NULL@@
Manufacturers,should,n't,expect,to,know,the,number,of,items,for,every,week,in,advance,.,@@NULL@@
The,group,was,having,a,discussion,about,where,to,fly,to,.,@@NULL@@
The,joy,and,excitement,of,construction,.,@@NULL@@
Girl,Scouting,has,just,a,couple,donors,.,@@NULL@@
She,said,the,pilot,told,them,they,'d,been,hijacked,.,@@NULL@@
Cold,weather,causes,the,cannonballs,to,collapse,.,@@NULL@@
It,is,very,nerve,-,wracking,to,go,through,a,procedure,like,that,.,@@NULL@@
When,the,gunfire,starts,",",it,was,not,even,light,yet,.,@@NULL@@
You,have,n't,contributed,and,do,n't,care,about,dental,hygiene,education,.,@@NULL@@
She,hated,my,mom,until,we,kids,were,born,.,@@NULL@@
Teaching,a,man,to,fish,does,n't,necessarily,mean,he,will,never,be,hungry,.,@@NULL@@
Your,old,donation,paid,for,wildlife,rescue,services,out,of,state,.,@@NULL@@
Our,teachers,are,happy,to,be,working,so,closely,to,the,community,.,@@NULL@@
Putting,computerized,loading,and,unloading,features,in,the,machine,costs,several,thousand,dollars,.,@@NULL@@
A,male,reader,may,think,that,the,author,views,things,as,hatred,of,women,.,@@NULL@@
Cinderella,would,be,my,favorite,story,.,@@NULL@@
He,still,reads,fictional,books,.,@@NULL@@
Information,technologies,within,the,context,of,the,preassembly,stages,of,garment,-,making,are,examined,in,Chapter,9,but,not,in,Chapter,8,.,@@NULL@@
The,entire,enchilada,@@NULL@@
There,were,no,children,on,board,so,there,were,no,child,deaths,.,@@NULL@@
Arlie,Hochschild,",",a,sociologist,",",spent,months,getting,to,know,employees,of,Americo,during,a,recent,exciting,study,.,@@NULL@@
These,projects,are,largely,ignored,and,do,n't,impact,anyone,.,@@NULL@@
I,moved,to,Victoria,in,1983,@@NULL@@
Membership,of,the,ELM,costs,$,20,per,year,.,@@NULL@@
Yiddish,is,really,only,for,the,good,times,in,life,.,@@NULL@@
Two,people,were,directed,to,a,metal,detector,after,setting,off,the,alarm,.,@@NULL@@
Bin,Ladin,'s,agenda,stood,out,among,those,people,.,@@NULL@@
It,is,the,place,I,spend,so,much,of,my,time,.,@@NULL@@
The,White,House,had,a,contingency,plan,in,place,.,@@NULL@@
Your,sister,can,read,",",so,I,',m,sure,you,do,n't,have,to,read,her,stories,.,@@NULL@@
Orwell,'s,novel,",",Nineteen,Eight,-,Four,",",gave,several,words,to,English,including,1984,",",Newspeak,",",and,double,-,think,.,@@NULL@@
They,figured,out,where,the,piece,goes,.,@@NULL@@
Life,is,incredibly,difficult,to,emulate,.,@@NULL@@
Your,mother,told,you,these,stories,.,@@NULL@@
Analysand,does,not,come,from,gerundive,and,is,not,English,@@NULL@@
People,took,great,care,of,phonograph,records,.,@@NULL@@
There,was,only,one,person,the,whole,time,.,@@NULL@@
If,an,aircraft,gets,off,the,course,",",the,controller,is,responsible,to,what,happens,to,it,.,@@NULL@@
Adult,support,the,child,depends,on,the,situation,.,@@NULL@@
No,",",mom,",",not,you,",",but,dad,.,@@NULL@@
They,were,all,anxious,to,see,what,they,would,discover,in,space,.,@@NULL@@
Bob,'s,writing,is,delicious,.,@@NULL@@
I,worked,90,hours,a,week,for,three,weeks,in,a,row,.,@@NULL@@
We,have,raised,thousands,of,dollars,in,our,fund,raising,.,@@NULL@@
In,order,to,stay,competitive,today,we,must,keep,learning,and,discovering,and,inventing,.,@@NULL@@
A,chile,can,be,very,strong,.,@@NULL@@
We,will,start,with,classical,crossword,synonyms,",",super,-,ordinates,and,definitions,.,@@NULL@@
We,did,not,expect,Denis,to,be,right,@@NULL@@
Happy,.,@@NULL@@
We,do,n't,need,to,worry,",",because,human,needs,are,not,rising,in,central,Indiana,.,@@NULL@@
After,boarding,the,aircraft,",",he,asked,the,secret,service,if,his,family,was,alright,",",then,he,said,he,could,n't,deal,with,the,stress,and,went,home,.,@@NULL@@
The,impact,of,your,donation,will,extend,into,the,following,year,.,@@NULL@@
Do,you,have,",",one,of,those,types,of,stories,to,tell,from,the,old,days,?,@@NULL@@
They,gave,support,to,civilian,groups,to,see,how,bad,the,attack,was,",",then,gave,$,1million,to,respond,to,it,.,@@NULL@@
It,'s,happened,before,.,@@NULL@@
I,do,n't,care,about,your,story,.,@@NULL@@
There,was,a,collection,of,words,that,were,about,water,.,@@NULL@@
The,cover,of,the,album,was,colorful,.,@@NULL@@
No,programs,centered,on,alumni,support,are,available,.,@@NULL@@
I,really,do,not,ever,have,a,love,for,poetry,.,@@NULL@@
What,color,was,the,small,vase,painted,?,@@NULL@@
That,decision,needs,to,be,made,in,ten,minutes,or,less,.,@@NULL@@
We,won,a,6,millioin,grant,from,Lilly,Endowment,Inc.,.,@@NULL@@
The,internal,narratives,of,adults,are,based,largely,on,conscious,thoughts,.,@@NULL@@
The,child,'s,father,was,logged,as,simply,`,`,sailor,'',.,@@NULL@@
Sexually,Transmitted,Infections,include,AIDS,.,@@NULL@@
There,are,some,aspects,of,its,influence,that,are,discussed,.,@@NULL@@
Your,dad,does,not,care,what,things,you,do,.,@@NULL@@
The,Lipschitz,diamond,is,cursed,.,@@NULL@@
One,important,step,in,sewing,is,spreading,the,cloth,many,piles,thick,and,not,stressing,it,.,@@NULL@@
The,entire,production,amounts,are,assigned,to,only,one,of,the,plants,.,@@NULL@@
Here,at,The,Salvation,Army,",",we,do,not,set,goals,.,@@NULL@@
Parent,'s,these,day,'s,are,n't,concerned,about,major,transitions,.,@@NULL@@
Donations,are,being,sought,in,the,areas,of,Student,support,and,technological,infrastructure,this,year,.,@@NULL@@
Those,things,happen,because,of,the,effort,required,to,read,instead,of,listening,to,someone,talk,.,@@NULL@@
In,business,",",he,found,that,he,could,excel,;,on,top,of,this,",",he,really,enjoyed,it,.,@@NULL@@
No,one,at,the,FFA,headquarters,receives,notifications,of,incidents,.,@@NULL@@
Charles,Dickens,wrote,Bleak,House,while,sitting,in,his,favorite,chair,.,@@NULL@@
Permissive,",",tolerant,@@NULL@@
Loud,sirens,going,off,in,the,distance,and,guns,ablaze,.,@@NULL@@
Its,impractical,to,raise,tuition,significantly,due,to,the,already,extremely,anomalously,high,fees,.,@@NULL@@
May,that,happen,to,all,the,misguided,viewers,.,@@NULL@@
I,was,soaking,my,feet,specifically,as,they,are,sore,.,@@NULL@@
Piaget,emphasized,",",a,holistic,approach,to,logical,thinking,.,@@NULL@@
New,York,Center,mentioned,two,aircrafts,",",including,United,175,.,@@NULL@@
We,will,skip,this,.,@@NULL@@
Defense,Department,officials,relied,on,the,NMCC,'s,air,threat,conference,which,included,the,FAA,from,the,beginning,.,@@NULL@@
The,fog,did,not,allow,us,to,turn,right,.,@@NULL@@
The,Scottish,kings,will,eliminate,their,progeny,.,@@NULL@@
FAA,headquarters,was,in,communication,with,the,Command,Center,.,@@NULL@@
The,question,was,n't,exactly,clear,",",so,he,did,n't,understand,.,@@NULL@@
Americans,are,not,very,observant,.,@@NULL@@
I,was,worried,about,a,lot,of,things,back,then,.,@@NULL@@
Flexible,manufacturing,and,sourcing,can,help,a,manufacturer,adjust,to,changing,demands,.,@@NULL@@
The,environment,internationally,for,Bin,Ladin,'s,efforts,was,just,right,.,@@NULL@@
The,IU,school,of,dentistry,is,poised,to,remain,a,leader,in,these,challenging,times,",",and,we,should,be,proud,.,@@NULL@@
The,message,that,I,got,from,my,Grandmother,'s,story,was,that,I,would,always,have,a,special,connection,with,God,and,that,I,could,do,anything,",",I,just,needed,to,believe,.,@@NULL@@
The,terms,for,water,are,the,same,in,Australia,as,they,are,through,out,the,world,.,@@NULL@@
Without,his,company,growing,he,would,n't,be,able,to,reach,as,many,people,.,@@NULL@@
There,'s,no,invoice,available,for,your,gift,.,@@NULL@@
We,could,raise,a,lot,of,funds,for,the,students,together,.,@@NULL@@
Many,other,retailers,followed,the,new,distribution,system,.,@@NULL@@
Employees,engaged,in,textile,manufacturing,tend,to,be,disgruntled,.,@@NULL@@
Multiple,National,Guard,teams,were,authorized,in,the,21st,century,@@NULL@@
You,should,feel,at,liberty,to,move,around,as,you,like,",",@@NULL@@
It,would,be,great,if,you,could,help,me,relocate,my,livestock,.,@@NULL@@
The,state,has,substantially,increased,spending,for,all,manner,of,financial,support,services,.,@@NULL@@
Nowhere,in,the,vicinity,is,an,anagram,to,be,seen,.,@@NULL@@
These,dialogues,happen,often,because,kids,and,adults,spend,time,together,every,day,.,@@NULL@@
We,know,about,the,importance,of,financial,resources,from,grants,and,donations,.,@@NULL@@
My,mother,is,the,only,one,who,believes,me,these,days,.,@@NULL@@
American,77,had,its,transponder,altered,so,there,was,no,data,on,the,primary,radar,.,@@NULL@@
Support,for,the,National,guard,teams,increased,over,time,.,@@NULL@@
Infants,also,try,to,use,gestures,with,their,hands,.,@@NULL@@
As,an,example,",",increasing,the,number,of,products,offered,in,a,category,by,a,factor,of,four,.,@@NULL@@
When,I,was,living,in,Raleigh,before,I,lived,here,",",I,found,out,I,had,severe,leukemia,.,@@NULL@@
Financial,support,from,the,state,is,unlikely,to,increase,significantly,.,@@NULL@@
What,makes,the,YMCA,unique,?,@@NULL@@
Purchases,are,committed,to,just,days,before,the,selling,season,.,@@NULL@@
Why,yes,",",whatever,that,is,I,smoke,it,.,@@NULL@@
The,funding,provided,by,the,state,covers,absolutely,everything,.,@@NULL@@
Language,must,be,adapted,to,a,person,'s,gender,to,avoid,causing,offense,.,@@NULL@@
Most,humans,live,out,of,their,means,in,the,United,States,",",wanting,more,than,just,the,basic,water,and,electricity,.,@@NULL@@
There,are,a,lot,of,people,wanting,to,work,for,Goodwill,.,@@NULL@@
The,record,companies,.,@@NULL@@
The,teen,birth,rate,has,fallen,since,1991,",",which,is,good,news,.,@@NULL@@
The,situation,soon,.,@@NULL@@
Fat,has,maintained,through,our,budget,up,until,this,day,.,@@NULL@@
The,Boston,Center,controller,got,a,third,transmission,from,American,11,that,said,the,plane,was,crashing,right,then,.,@@NULL@@
The,Friends,of,Herron,has,no,news,on,the,art,scene,.,@@NULL@@
I,just,live,my,life,day,to,day,",",with,no,worries,about,being,content,or,any,of,that,nonsense,.,@@NULL@@
Oil,drilling,kept,me,away,from,my,wife,and,family,for,so,long,that,I,just,had,to,quit,and,come,back,.,@@NULL@@
It,would,be,great,if,you,were,involved,.,@@NULL@@
The,White,House,ordered,the,Air,Force,One,to,crash,.,@@NULL@@
The,plane,started,to,smoke,two,minutes,after,the,crash,.,@@NULL@@
After,his,untimely,death,",",Bin,Ladin,was,forced,to,replace,his,roles,in,the,Shura,and,in,supervising,cells,in,East,Africa,.,@@NULL@@
They,all,knew,what,a,teja,was,.,@@NULL@@
You,can,only,keep,doing,80,weeks,for,so,long,before,it,wears,you,down,.,@@NULL@@
Even,if,we,pool,resources,",",it,wo,n't,make,a,difference,.,@@NULL@@
Has,radio,silence,been,maintained,?,@@NULL@@
Outside,of,the,U.S.,",",this,phenomenon,is,most,prominently,seen,in,the,other,countries,involved,in,WWII,.,@@NULL@@
You,can,get,your,employer,to,make,a,matching,gift,if,several,difficult,steps,are,taken,.,@@NULL@@
You,rarely,call,on,the,phone,",",nor,webcam,.,@@NULL@@
Bin,Ladin,and,his,associates,',goals,were,revealed,by,their,failed,effort,.,@@NULL@@
The,Vice,President,thought,that,NORAD,pilots,had,received,the,shootdown,authorization,.,@@NULL@@
Children,who,do,n't,have,a,quiet,place,to,study,drop,out,at,a,high,rate,.,@@NULL@@
Did,you,hear,about,the,ghost,there,?,@@NULL@@
A,basic,language,ability,means,to,be,able,to,write,backwards,.,@@NULL@@
What,about,when,you,were,in,school,?,@@NULL@@
We,serve,a,meal,of,Florentine,terrine,.,@@NULL@@
We,can,work,out,which,is,the,cause,and,which,is,the,effect,.,@@NULL@@
We,can,not,see,green,moss,",",yellow,sand,",",and,blue,-,green,conifers,.,@@NULL@@
Kids,can,develop,better,dispositions,.,@@NULL@@
Einstein,'s,Special,Theory,of,Relativity,indeed,does,say,that,E,=,MC2,and,in,leap,year,MC2,.,@@NULL@@
The,controller,cared,about,the,crew,of,United,175,",",so,he,tried,to,contact,them,several,times,.,@@NULL@@
Onomatoplazia,'s,original,text,is,much,more,interesting,than,the,transliteration,.,@@NULL@@
My,mother,-,in,-,law,likes,to,joke,about,Mr.,Spock,when,my,son,does,something,odd,.,@@NULL@@
Do,n't,you,think,you,'d,be,happier,to,keep,that,to,yourself,?,@@NULL@@
Extraordinary,supervisors,.,@@NULL@@
The,woman,said,something,to,me,.,@@NULL@@
Louie,did,not,drive,a,diesel,bus,.,@@NULL@@
If,I,was,working,elsewhere,than,here,.,@@NULL@@
They,have,got,him,on,a,primary,radar,.,@@NULL@@
Confucian,ideology,taught,that,the,amount,of,correction,was,directly,proportional,to,how,much,a,parent,loved,their,child,.,@@NULL@@
No,one,has,had,those,experiences,with,them,.,@@NULL@@
There,is,a,bomb,on,the,plane,that,will,go,off,in,ten,minutes,.,@@NULL@@
The,members,of,the,Indiana,Dental,Association,were,given,an,opportunity,.,@@NULL@@
Bin,Ladin,began,to,suffer,serious,money,problems,due,to,his,gambling,habit,.,@@NULL@@
Vygotsky,believes,that,imaginary,play,is,where,children,exhibit,the,greatest,self,-,control,.,@@NULL@@
The,Black,Cane,Society,is,a,way,to,recognize,donors,.,@@NULL@@
Defense,Department,officials,relied,on,the,NMCC,'s,air,threat,conference,which,did,n't,include,the,FAA,intially,",",so,crucial,information,was,left,out,.,@@NULL@@
Duncan,has,been,alive,in,the,whole,book,@@NULL@@
They,put,the,piece,in,the,wrong,place,.,@@NULL@@
The,Langley,scramble,was,a,logical,response,to,a,hijacked,aircraft,.,@@NULL@@
Several,other,living,things,can,be,thought,of,as,having,a,higher,purpose,.,@@NULL@@
The,item,to,be,cut,is,a,pair,of,blue,jeans,.,@@NULL@@
Finally,",",she,slapped,her,face,with,her,hands,and,started,talking,gibberish,.,@@NULL@@
Dialogue,is,important,to,developing,English,skills,.,@@NULL@@
If,you,have,questions,",",someone,else,will,need,to,help,you,.,@@NULL@@
Muslims,can,freely,reject,his,ideas,without,fear,of,condemnation,.,@@NULL@@
These,people,are,fake,",",along,with,their,success,stories,.,@@NULL@@
I,enjoy,working,and,earning,money,.,@@NULL@@
Business,units,that,did,n't,utilize,the,four,practices,suffered,significantly,compared,to,the,business,unit,that,did,implement,the,practices,.,@@NULL@@
Reagan,moving,the,US,military,out,of,Lebanon,in,response,to,attacks,there,is,sometimes,cited,by,terrorists,as,proof,of,US,weakness,.,@@NULL@@
Dictionaries,are,a,great,source,in,explaining,how,language,functions,in,comparison,to,word,meanings,",",spelling,",",pronunciation,and,where,it,is,derived,from,.,@@NULL@@
Women,can,positively,contribute,to,Muslim,economies,.,@@NULL@@
Instructions,on,how,to,engage,were,given,to,the,pilot,going,up,.,@@NULL@@
Fighter,jets,were,dispatched,from,Otis,Air,Force,Base,.,@@NULL@@
This,is,illustrated,in,Table,9.1,for,the,men,'s,and,boys,',shirt,industry,",",as,well,as,athletic,wear,.,@@NULL@@
Fortunately,",",they,did,not,do,that,.,@@NULL@@
It,'s,harder,to,get,a,job,for,people,without,one,",",even,with,a,very,good,economy,.,@@NULL@@
He,did,n't,show,his,face,.,@@NULL@@
The,preparations,for,the,fall,events,include,considerations,of,the,future,.,@@NULL@@
Most,English,words,of,Latin,origin,are,compounds,.,@@NULL@@
Working,with,you,and,getting,your,written,response,is,something,we,are,waiting,for,.,@@NULL@@
The,full,donation,of,$,"1,000",",",in,addition,",",can,be,itemized,as,a,federal,income,tax,deduction,.,@@NULL@@
We,have,no,way,of,comparing,the,demand,for,different,products,.,@@NULL@@
The,highjackers,were,heavily,armed,against,passengers,.,@@NULL@@
I,can,answer,your,questions,on,the,surgery,techniques,.,@@NULL@@
Young,children,really,like,toys,because,they,are,fun,.,@@NULL@@
Safety,stock,can,end,up,costing,a,the,retailer,a,lot,of,money,if,the,demand,is,low,.,@@NULL@@
You,felt,like,a,big,deal,when,you,open,the,door,at,the,back,.,@@NULL@@
Chapter,15,examines,marketshare,effect,.,@@NULL@@
Ballinger,'s,warning,was,recieved,without,problem,at,9:24,@@NULL@@
All,donations,to,Pleasant,Run,are,used,to,pay,bills,and,recompensate,staff,directly,.,@@NULL@@
He,is,down,",",stabbed,by,the,hijacker,.,@@NULL@@
They,are,willing,to,work,towards,educational,goals,that,are,rational,.,@@NULL@@
How,do,you,feel,as,the,number,of,parents,who,read,to,their,children,is,decreasing,?,@@NULL@@
We,analyzed,HCTAR,data,to,investigate,the,use,of,bar,codes,on,containers,.,@@NULL@@
The,military,had,notice,of,the,hijackings,hours,before,they,impacted,.,@@NULL@@
VMI,is,Vector,Management,Institution,it,has,been,effective,in,controlling,pests,.,@@NULL@@
Only,one,of,the,two,plants,is,able,to,make,the,same,product,set,.,@@NULL@@
Retailers,are,happy,to,engage,in,continuous,review,.,@@NULL@@
Spaghetti,code,is,an,example,of,tasty,code,@@NULL@@
It,was,",",however,",",shocking,.,@@NULL@@
The,main,specification,tracked,is,the,allowance,for,write,-,offs,.,@@NULL@@
The,transponder,code,on,United,175,stayed,the,same,.,@@NULL@@
The,coefficient,can,vary,from,zero,to,one,for,wildly,fluctuating,weekly,demand,.,@@NULL@@
She,saved,Campbell,'s,soup,labels,and,redeemed,them,for,money,.,@@NULL@@
Have,you,read,any,books,from,local,authors,?,@@NULL@@
When,I,was,home,for,the,holidays,it,felt,like,I,had,never,left,.,@@NULL@@
I,asked,him,what,that,was,for,.,@@NULL@@
Your,past,support,has,been,important,for,the,success,of,the,Challenger,program,@@NULL@@
The,conclusion,of,the,design,and,patterns,.,@@NULL@@
The,English,language,is,amongst,the,hardest,language,to,learn,.,@@NULL@@
I,would,appreciate,it,if,you,would,send,fifty,dollars,again,this,year,to,support,our,efforts,.,@@NULL@@
Spaghetti,code,derives,from,pasta,-,related,macaronic,.,@@NULL@@
An,ambulance,?,@@NULL@@
You,do,n't,remember,your,childhood,",",do,you,?,@@NULL@@
The,distribution,of,one,-,letter,-,words,is,narrow,and,limited,.,@@NULL@@
Innovation,does,not,lend,positive,benefit,.,@@NULL@@
The,end,of,a,product,'s,life,cycle,can,see,high,demand,variation,.,@@NULL@@
Pleasant,Run,does,not,impact,young,adults,.,@@NULL@@
It,is,safe,to,assume,the,manufacturing,lead,time,",",or,time,required,to,go,from,production,order,to,a,product,ready,for,shipping,and,retail,",",is,less,than,one,week,.,@@NULL@@
Nobody,benefis,from,the,work,that,we,do,.,@@NULL@@
People,on,the,Hopi,Reservation,think,their,culture,should,be,preserved,.,@@NULL@@
The,details,of,what,happened,on,the,morning,of,September,11,inside,the,building,are,complex,.,@@NULL@@
Renfew,fully,rejects,the,arguments,of,the,wave,theory,.,@@NULL@@
I,did,not,like,that,at,all,.,@@NULL@@
The,news,that,two,aircraft,had,slammed,into,the,World,Trade,Center,became,available,to,the,passengers,.,@@NULL@@
I,watched,her,sleep,in,her,room,the,whole,night,.,@@NULL@@
Chinese,children,never,listen,to,anyone,else,.,@@NULL@@
Juvenal,wrote,during,the,reign,of,the,Emperor,Trajan,.,@@NULL@@
The,shootdown,order,was,conveyed,before,Secretary,Rumsfeld,was,there,.,@@NULL@@
I,traveled,from,San,Miguel,to,tell,him,that,I,am,leaving,.,@@NULL@@
Shells,are,n't,made,into,jewelry,.,@@NULL@@
The,erratic,behavior,was,passed,on,to,ground,control,.,@@NULL@@
I,know,that,the,younger,generation,values,reading,much,",",much,more,then,our,own,generation,.,@@NULL@@
The,scene,made,it,onto,the,news,.,@@NULL@@
I,do,not,believe,she,read,at,all,.,@@NULL@@
The,western,world,was,receptive,to,his,works,.,@@NULL@@
They,saved,lives,with,what,they,were,doing,.,@@NULL@@
I,lived,in,San,Diego,",",but,used,to,live,somewhere,else,.,@@NULL@@
Narrative,conversation,has,shown,to,make,no,difference,to,boys,and,girls,.,@@NULL@@
You,can,save,a,life,.,@@NULL@@
There,is,no,correlation,between,the,fundamentalist,movements,and,politics,.,@@NULL@@
Under,Boolean,algebra,",",W,is,an,element,of,the,postulates,which,combines,with,the,commutative,binary,options,to,describe,various,systems,of,postulates,.,@@NULL@@
Did,he,tell,you,other,bed,time,stories,?,@@NULL@@
Private,-,performance,is,more,heavily,monitored,than,the,others,.,@@NULL@@
There,are,no,one,-,letter,words,in,our,lexicon,@@NULL@@
The,three,individuals,had,consecutive,positions,when,lining,up,for,the,ticket,counter,.,@@NULL@@
The,established,three,-,part,system,worked,in,its,favor,.,@@NULL@@
The,airlines,were,not,responsible,",",the,FAA,was,.,@@NULL@@
Your,donation,will,not,help,us,achieve,our,goals,.,@@NULL@@
That,is,a,negative,and,unwanted,perspective,.,@@NULL@@
There,exists,an,acceptable,unit,of,finished,goods,.,@@NULL@@
I,have,never,heard,of,The,Making,of,the,President,series,before,today,.,@@NULL@@
Cheney,relayed,their,message,to,the,president,.,@@NULL@@
A,witness,remembered,that,there,were,two,simultaneous,decisionmaking,processes,going,on,at,once,that,morning,",",a,voice,conference,by,the,NMCC,and,the,White,House,video,teleconference,.,@@NULL@@
Duende,itself,fails,to,show,up,and,the,production,fizzles,.,@@NULL@@
It,is,hard,to,determine,if,old,products,should,be,filled,or,new,products,purchased,.,@@NULL@@
The,state,centered,regimes,wished,to,release,the,elite,'s,hold,on,national,wealth,.,@@NULL@@
Your,contribution,of,ten,dollars,is,going,to,go,towards,Research,",",Education,",",and,Patient,Service,and,Rehabilitation,.,@@NULL@@
Political,power,in,the,Islamic,world,is,maintained,by,the,fundamentalist,movements,.,@@NULL@@
Brazilian,child,street,vendors,would,outperform,Western,children,in,school,if,they,had,greater,opportunities,.,@@NULL@@
There,'s,plenty,of,stories,of,my,dad,'s,childhood,.,@@NULL@@
The,textile,-,apparel,relationship,involved,commitments,to,securing,materials,ahead,of,time,.,@@NULL@@
Where,did,it,happen,?,@@NULL@@
I,do,n't,think,that,'s,where,the,song,came,from,.,@@NULL@@
Customers,do,n't,want,to,take,the,time,that,is,necessary,to,alert,a,clerk,to,the,stock,outage,.,@@NULL@@
Using,one,word,to,refer,to,something,that,is,associated,with,it,is,a,figure,of,speech,.,@@NULL@@
I,',m,not,going,to,have,anything,to,do,with,pools,this,summer,.,@@NULL@@
You,composed,this,totally,on,your,own,.,@@NULL@@
Old,English,words,are,compounded,a,lot,@@NULL@@
Around,this,time,30,minutes,after,takeoff,sign,",",the,fasten,seatbelt,sign,would,have,been,turned,off,and,the,flight,attendants,would,have,begon,cabin,service,.,@@NULL@@
So,far,",",twenty,five,orthodontic,students,have,benefited,from,his,contribution,.,@@NULL@@
You,need,to,have,a,good,schedule,to,use,your,time,effectively,.,@@NULL@@
I,forgot,to,mention,to,you,that,when,the,soldiers,came,to,my,house,",",the,guerrillas,were,not,there,yet,.,@@NULL@@
If,every,board,member,donates,$,1000,we,wo,n't,be,grateful,",",we,need,more,!,!,@@NULL@@
His,pillow,was,covered,in,blood,from,his,face,wounds,.,@@NULL@@
Sales,volume,and,variability,have,a,steep,sloped,curve,.,@@NULL@@
I,do,n't,want,to,talk,to,you,any,more,.,@@NULL@@
I,did,n't,say,much,.,@@NULL@@
Lewin,had,served,in,the,Israeli,military,as,an,officer,for,four,years,",",and,a,recruit,for,years,previously,.,@@NULL@@
What,stories,have,you,told,or,read,to,your,own,children,?,@@NULL@@
Diskettes,may,also,be,referred,to,as,floppies,.,@@NULL@@
I,grew,up,around,dentistry,and,I,also,studied,it,in,college,.,@@NULL@@
There,are,lower,levels,of,inventory,",",relative,to,sales,in,an,economy,characterized,by,modern,manufacturing,.,@@NULL@@
I,was,n't,getting,to,know,the,right,people,.,@@NULL@@
He,urged,Muslims,to,depend,only,on,their,religious,leaders,.,@@NULL@@
Most,of,the,weaving,capacity,was,in,the,South,.,@@NULL@@
Designers,are,forced,to,begin,their,work,on,paper,in,order,to,complete,their,desired,design,.,@@NULL@@
They,became,an,instructor,at,Fort,Bragg,.,@@NULL@@
Continuous,review,means,that,retailers,are,n't,devoted,a,block,of,time,during,the,week,to,inventory,.,@@NULL@@
You,need,to,reserve,a,place,at,the,grill,@@NULL@@
Some,Libyans,chose,to,stay,and,fight,with,Bin,Laden,.,@@NULL@@
The,adverse,side,effects,of,retail,.,@@NULL@@
The,Command,Center,ordered,one,after,nine,o'clock,.,@@NULL@@
Parents,were,acutely,aware,of,the,difference,between,good,care,and,substandard,care,.,@@NULL@@
The,President,claimed,that,he,was,fully,aware,of,the,fighters,having,been,scrambled,.,@@NULL@@
Bin,Ladin,did,not,pay,Kherchtou,",",even,when,he,really,needed,the,money,.,@@NULL@@
The,students,',education,is,bettered,by,the,availability,of,such,projects,.,@@NULL@@
Most,production,lines,are,probably,always,kept,in,perfect,balance,.,@@NULL@@
If,we,do,n't,have,full,participation,of,members,of,the,Indiana,Dental,Association,we,will,have,to,beg,for,money,in,the,street,.,@@NULL@@
She,was,a,germaphobe,as,well,",",and,stepping,foot,into,her,house,with,shoes,on,made,her,have,a,mental,breakdown,.,@@NULL@@
That,is,quite,a,fine,stance,!,@@NULL@@
Denim,is,from,Dimes,and,neim,",",the,arabic,word,for,town,.,@@NULL@@
If,you,give,us,$,100,now,",",we,wo,n't,ever,ask,you,to,give,another,gift,again,.,@@NULL@@
Typically,",",there,were,three,specifications,determined,.,@@NULL@@
We,could,not,find,anyone,to,make,donations,.,@@NULL@@
Please,offer,us,assistance,with,a,present,.,@@NULL@@
The,other,plant,has,low,production,costs,but,sends,out,the,product,to,the,distribution,center,at,random,intervals,.,@@NULL@@
The,hijackers,did,not,seem,to,care,about,other,passengers,making,calls,.,@@NULL@@
Unfortunately,we,can,not,set,the,Holiday,Inn,as,the,place,as,we,have,n't,got,the,required,number,of,attendees,.,@@NULL@@
I,know,where,you,live,.,@@NULL@@
We,will,not,accept,RSVPs,after,that,date,.,@@NULL@@
There,were,other,followings,of,extremists,.,@@NULL@@
This,was,done,because,of,how,workers,in,clothing,shops,were,organized,.,@@NULL@@
Is,a,longstanding,organisation,with,an,excellent,reputation,among,parents,and,children,alike,.,@@NULL@@
I,do,n't,have,a,father,.,@@NULL@@
They,were,given,the,go,ahead,.,@@NULL@@
In,Sarasota,",",Florida,the,President,had,arrived,at,a,school,.,@@NULL@@
They,are,both,pilots,.,@@NULL@@
Rosy,had,seen,the,tune,with,several,names,.,@@NULL@@
Concerns,concerning,the,other,aircraft,'s,safety,began,to,mount,.,@@NULL@@
I,used,to,get,up,on,the,monkey,bars,.,@@NULL@@
Is,that,like,some,sort,of,southern,thing,?,@@NULL@@
Gestures,a,second,time,at,the,bottom,of,the,puzzle,.,@@NULL@@
There,is,a,possible,$,20,monthly,fee,to,be,a,Century,Club,member,.,@@NULL@@
It,is,the,40th,anniversary,.,@@NULL@@
I,/,S,standard,deviations,account,for,variety,in,firm,size,.,@@NULL@@
The,muscovy,adopted,the,baby,mallard,as,if,it,was,its,own,baby,.,@@NULL@@
Renfrew,is,completely,to,blame,.,@@NULL@@
Anselmo,is,10,years,old,and,he,never,asks,us,for,help,with,homework,.,@@NULL@@
Not,all,fantasy,is,for,wish,making,.,@@NULL@@
The,Herndon,Command,Center,failed,to,connect,the,different,centers,",",so,no,one,was,in,contact,with,each,other,.,@@NULL@@
The,Indianapolis,YWCA,is,an,organization,that,helps,women,and,families,by,helping,develop,skills,",",knowledge,and,resources,in,health,",",self,-,awareness,and,leadership,.,@@NULL@@
Ah,yes,",",I,suspected,that,was,the,case,.,@@NULL@@
Behaviorist,tenets,helped,justify,strictly,regimented,education,practices,.,@@NULL@@
Children,who,use,gestures,can,be,presumed,deaf,.,@@NULL@@
You,will,not,help,any,people,in,central,Indiana,next,year,by,investing,in,the,community,through,this,partnership,.,@@NULL@@
The,Middle,English,had,a,similar,idiom,found,in,a,lot,of,books,.,@@NULL@@
The,school,is,still,running,on,dial,-,up,internet,.,@@NULL@@
The,nostalgia,for,Islam,'s,past,prestige,should,not,be,underestimated,and,is,making,a,resurgence,.,@@NULL@@
I,do,n't,yet,know,the,reason,why,I,have,lived,on,earth,.,@@NULL@@
The,hijackers,wore,red,bandanas,that,covered,their,faces,entirely,.,@@NULL@@
Some,parents,work,to,try,harder,to,be,in,their,kids,lives,.,@@NULL@@
Bar,codes,are,used,to,maintain,inventory,of,store,merchandise,.,@@NULL@@
This,must,be,for,attention,",",the,request,can,not,be,serious,.,They,know,this,will,get,the,papers,attention,.,@@NULL@@
You,should,stress,the,cloth,prior,to,sewing,for,a,quality,product,.,@@NULL@@
No,information,was,given,on,United,93,.,@@NULL@@
My,friend,and,I,would,always,stay,in,the,back,of,the,bus,to,fool,around,.,@@NULL@@
There,were,no,plans,to,fly,anywhere,.,@@NULL@@
There,were,no,cases,studied,in,the,seventh,chapter,.,@@NULL@@
What,I,liked,was,that,kids,were,invisible,little,adults,.,@@NULL@@
The,line,with,the,greatest,distance,from,the,trendline,translates,to,a,0,percent,impossibility,.,@@NULL@@
PLant,growth,on,farms,@@NULL@@
The,Synonym,Finder,contains,very,few,synonyms,.,@@NULL@@
My,life,was,hell,in,high,school,",",really,.,@@NULL@@
The,bowman,who,shot,into,the,Greek,camp,was,Apollo,.,@@NULL@@
Parents,have,little,to,do,with,how,kids,turn,out,.,@@NULL@@
The,SIDS,Alliance,meets,NCIB,standards,for,charities,and,has,an,excellent,record,for,giving,.,@@NULL@@
Retail,inventory,management,has,many,problems,",",most,of,which,still,have,n't,been,solved,today,.,@@NULL@@
Since,graduating,",",when,did,you,last,visit,IUPUI,?,@@NULL@@
Such,things,are,considered,important,@@NULL@@
They,had,needed,much,better,protocols,.,@@NULL@@
None,of,your,donation,is,returned,through,State,tax,savings,.,@@NULL@@
A,parent,who,does,not,respond,quickly,and,in,a,consistent,manner,will,teach,the,baby,to,rise,quickly,to,distress,.,@@NULL@@
Going,to,Germany,made,it,easy,to,get,a,better,understanding,of,German,language,.,@@NULL@@
For,employers,",",rewarding,workers,with,better,conditions,had,unforeseen,consequences,.,@@NULL@@
The,people,are,proof,that,the,investment,is,worth,it,because,their,outcomes,are,greatly,improved,.,@@NULL@@
Washington,leaders,misunderstood,the,orders,that,had,been,given,to,the,fighter,pilots,.,@@NULL@@
The,theme,of,the,events,on,September,11,is,simple,even,though,the,details,are,complex,.,@@NULL@@
Please,disregard,that,.,@@NULL@@
The,final,vowel,in,Japanese,words,does,n't,always,exist,in,English,ones,",",so,the,Japanese,often,drop,syllables,at,the,end,of,words,.,@@NULL@@
We,had,to,read,the,book,but,we,thought,it,was,very,interesting,.,@@NULL@@
Are,you,annoyed,?,@@NULL@@
The,city,we,moved,into,was,new,and,fresh,.,@@NULL@@
Where,do,you,live,now,?,@@NULL@@
I,did,n't,hit,anything,.,@@NULL@@
The,Vice,President,was,needed,to,give,directions,to,the,other,officials,.,@@NULL@@
Did,you,enjoy,spending,your,whole,life,in,Charlotte,?,@@NULL@@
You,can,help,more,than,"220,000",people,in,central,Indiana,next,year,by,investing,in,the,community,through,this,partnership,via,your,generous,doantion,.,@@NULL@@
The,items,at,the,top,of,the,triangle,are,the,items,that,are,the,most,sought,-,after,.,@@NULL@@
The,shortened,production,time,would,be,wasted,if,the,distribution,is,slow,.,@@NULL@@
The,families,we,help,often,do,not,need,anything,extra,.,@@NULL@@
It,is,not,believed,that,Jarrah,knew,anything,about,the,World,Trade,Center,.,@@NULL@@
He,does,n't,think,it,will,be,hard,for,him,at,all,.,He,hates,his,family,.,@@NULL@@
The,apparel,industry,'s,work,practices,have,never,evolved,at,any,point,.,@@NULL@@
A,solid,inventory,strategy,is,often,indicative,of,a,conservative,risk,management,style,.,@@NULL@@
Did,you,bring,a,clipboard,",",if,you,went,door,to,door,?,@@NULL@@
This,is,a,question,that,absolutely,needs,an,answer,if,the,field,is,to,advance,.,@@NULL@@
It,is,hidden,that,those,kids,make,the,grade,@@NULL@@
A,witness,remembered,that,there,were,four,simultaneous,decisionmaking,processes,going,on,at,once,.,@@NULL@@
I,did,n't,ask,you,a,question,",",especially,not,about,Saratogas,.,@@NULL@@
We,do,n't,have,the,chance,of,shaping,the,future,of,IUPUI,.,@@NULL@@
No,tales,that,the,woman,once,told,.,@@NULL@@
Since,he,had,little,knowledge,of,dealing,in,cattle,",",he,did,n't,even,brand,his,stock,.,@@NULL@@
Since,the,picturesque,locations,were,the,only,places,worth,visiting,",",they,were,where,we,usually,went,.,@@NULL@@
Do,n't,speak,until,you,'re,told,o.,@@NULL@@
I,wonder,myself,it,it,had,a,positive,impact,on,culture,.,@@NULL@@
The,second,call,was,ended,because,a,bomb,hit,the,line,.,@@NULL@@
The,FAA,should,tell,pilots,what,to,say,.,@@NULL@@
It,is,still,a,grammatical,mistake,to,use,the,plurals,they,",",their,",",them,",",theirs,as,a,generalized,pronoun,for,words,like,eyeryone,",",everybody,",",anyone,",",anybody,",",etc,.,.,@@NULL@@
She,smacked,my,chest,after,I,screamed,at,her,.,@@NULL@@
That,war,produced,more,adventurous,and,restless,disgruntled,veterans,after,military,service,.,@@NULL@@
We,'d,stop,in,California,on,the,way,to,visiting,our,grandparents,.,@@NULL@@
These,words,typically,do,n't,rationally,relate,to,one,another,.,@@NULL@@
The,pilots,were,on,high,alert,",",due,to,the,hijacked,aircraft,.,@@NULL@@
There,are,grievances,felt,towards,the,United,States,in,the,Muslim,world,.,@@NULL@@
The,word,isogloss,refers,to,the,line,on,a,Mao,where,terms,are,equally,distributed,.,@@NULL@@
Having,information,on,the,customer,demand,is,a,competitive,advantage,.,@@NULL@@
I,really,just,wanted,to,be,a,lifeguard,.,@@NULL@@
Bin,Ladin,kept,his,options,open,by,keeping,in,contact,with,Gulbuddin,Hekmatyar,.,@@NULL@@
The,firms,that,had,more,technology,were,more,stable,.,@@NULL@@
I,was,incorrect,about,it,being,based,on,Webster,'s,Ninth,Collegiate,Dictionary,.,@@NULL@@
I,changed,my,mind,",",moved,it,",",and,sealed,it,with,a,thick,resin,on,top,instead,.,@@NULL@@
The,first,thing,mentioned,is,a,philosophical,discussion,on,why,you,should,stop,eating,sushi,.,@@NULL@@
We,do,not,address,self,-,sufficiency,.,@@NULL@@
The,investment,is,critical,because,our,budget,was,slashed,.,@@NULL@@
A,chile,can,be,very,strong,in,Mexican,food,.,@@NULL@@
At,the,same,time,we,were,building,our,marriage,we,were,adjusting,to,diabetes,and,it,was,very,difficult,.,@@NULL@@
What,is,your,worst,story,ever,?,@@NULL@@
Well,",",so,few,bullets,",",so,few,things,.,@@NULL@@
Children,are,n't,allowed,to,judge,the,requirements,.,@@NULL@@
You,can,show,your,support,by,not,giving,a,gift,.,@@NULL@@
What,Ballinger,said,was,immediately,spread,.,@@NULL@@
One,of,our,volunteers,will,be,contacting,you,shortly,after,you,submit,your,information,.,@@NULL@@
They,think,he,is,going,down,.,@@NULL@@
Serge,Diaghileff,was,the,most,successful,time,traveler,.,@@NULL@@
Students,must,apply,to,the,fund,for,tuition,assistance,needs,.,@@NULL@@
The,teddy,bear,was,holding,a,lollipop,so,Sophie,asked,for,one,too,.,@@NULL@@
America,is,fine,.,@@NULL@@
My,son,does,n't,have,any,stories,",",never,broken,anything,",",nothing,interesting,.,@@NULL@@
Chapter,10,also,goes,beyond,human,resource,practices,to,describe,how,performance,of,suppliers,can,improve,.,@@NULL@@
I,have,read,a,book,that,described,an,abalone,shell,.,@@NULL@@
Although,you,may,find,it,to,be,a,bit,dangerous,",",you,could,use,paint,thinner,or,gasoline,to,try,to,remove,this,.,@@NULL@@
The,hijackers,had,planned,the,attack,before,the,night,.,@@NULL@@
Wells,',spent,nearly,a,decade,writing,The,Time,Machine,.,@@NULL@@
A,Stitch,in,Time,wrote,a,story,on,the,U.S.,textile,industry,.,@@NULL@@
My,uncle,served,in,the,military,.,@@NULL@@
Bin,Ladin,was,only,interested,in,the,use,of,truck,bombs,",",like,those,used,to,kill,many,Americans,.,@@NULL@@
Bin,Laden,did,n't,have,any,supporters,.,@@NULL@@
Information,-,integrated,channels,have,also,been,adopted,in,Europe,more,recently,.,@@NULL@@
In,Mandarin,",",the,name,Finland,translates,to,`,cold,place,',according,to,Mr,Henn,'s,wife,.,@@NULL@@
There,is,only,something,wrong,with,what,people,do,with,the,images,.,@@NULL@@
The,OED,only,likes,it,when,we,have,a,citation,from,Lydgate,.,@@NULL@@
A,lower,I,/,S,ratio,results,in,lower,inventory,volatility,and,changes,in,sales,will,result,in,smaller,changes,in,inventories,.,@@NULL@@
In,our,sample,",",business,units,used,a,type,of,spreading,for,exactly,39.2,percent,of,the,volume,of,goods,shipped,.,@@NULL@@
Prom,dresses,make,up,the,largest,percentage,of,apparel,goods,sold,.,@@NULL@@
By,8:33,",",it,had,n't,climbed,to,above,"20,000",feet,.,@@NULL@@
We,do,n't,know,about,financial,resources,.,@@NULL@@
The,Department,of,Defense,had,no,representation,on,the,interagency,committee,.,@@NULL@@
The,operation,ruined,two,US,planes,which,crashed,in,Libya,and,were,destroyed,.,@@NULL@@
Checks,should,be,made,payable,to,Harvard,University,.,@@NULL@@
Those,who,are,not,familiar,with,English,never,question,this,.,@@NULL@@
Mandates,and,regulation,could,not,help,to,set,requirements,",",as,no,one,actually,listens,to,regulations,.,@@NULL@@
The,person,'s,house,they,'re,requesting,to,live,in,is,by,the,side,of,the,road,.,@@NULL@@
No,feminist,would,every,think,of,political,fall,out,.,@@NULL@@
I,enjoyed,it,because,it,was,interesting,.,@@NULL@@
Charlotte,is,a,very,large,city,.,@@NULL@@
He,managed,to,cut,out,a,circle,and,a,square,all,by,himself,today,.,@@NULL@@
Consumers,are,thrilled,to,see,delivery,speeds,being,considered,as,part,of,the,competitiveness,equation,.,@@NULL@@
Cobuild,",",Collins,',English,Language,Dictionary,",",contained,1703,pages,in,1987,.,@@NULL@@
Herron,solely,focuses,on,classic,art,.,@@NULL@@
Informational,technology,can,decrease,the,time,needed,for,every,process,step,.,@@NULL@@
A,man,with,serious,disabilities,",",who,thought,he,would,never,find,employment,",",begins,working,at,Goodwill,.,@@NULL@@
The,largest,branch,was,its,political,committee,.,@@NULL@@
MCCOY,does,not,ask,for,you,help,financially,at,this,time,.,@@NULL@@
The,deputy,director,for,operations,suggested,that,no,further,event,conferences,be,held,until,further,notice,.,@@NULL@@
A,lot,of,services,are,provided,by,your,gift,.,@@NULL@@
Boston,Center,did,not,issue,any,requests,to,send,out,security,alerts,.,@@NULL@@
Both,men,spoke,perfect,English,to,each,other,.,@@NULL@@
The,extent,of,the,benefits,of,technological,investments,has,been,more,difficult,to,quantify,.,@@NULL@@
Parents,needs,to,spend,more,time,cooking,and,reading,.,@@NULL@@
Senior,Pentagon,officials,were,shocked,when,they,heard,about,the,incident,.,@@NULL@@
SEND,has,renovated,dozens,of,homes,to,sell,at,affordable,prices,so,low,-,income,people,can,be,homeowners,in,the,city,.,@@NULL@@
In,attendance,was,one,of,my,brothers,-,in,-,law,.,@@NULL@@
The,no,offensive,plates,rule,was,violated,by,the,plate,noticed,by,my,friend,.,@@NULL@@
I,have,also,worked,in,different,department,before,@@NULL@@
The,barley,is,stored,in,the,barn,.,They,fill,it,usually,twice,a,season,.,@@NULL@@
They,got,a,lot,of,books,since,they,were,a,part,of,a,book,club,.,@@NULL@@
It,is,not,hard,to,influence,her,decisions,.,@@NULL@@
Lean,retailers,are,the,least,able,to,embrace,forecasting,and,inventory,models,.,@@NULL@@
General,Arnold,instructed,Marr,to,go,ahead,and,scramble,them,even,though,he,did,n't,have,pre,-,authorization,.,@@NULL@@
Is,the,pressure,from,your,folks,stressing,you,out,?,@@NULL@@
It,would,be,unfortunate,to,lose,information,that,shows,past,years,',selling,patterns,.,@@NULL@@
The,fund,now,has,a,market,value,of,$,"750,000",.,@@NULL@@
Makrer,-,makers,can,only,ever,achieve,efficiencies,of,80,percent,for,casual,pants,.,@@NULL@@
Washington,was,clad,in,an,American,dark,brown,suit,at,his,1789,inauguration,.,@@NULL@@
American,11,turned,off,its,transponder,at,8:21,AM,immediately,degrading,any,available,information,about,the,location,or,wellbeing,of,the,aircraft,.,@@NULL@@
A,prominent,early,lean,retailer,is,Wal,-,Mart,.,@@NULL@@
Those,who,worked,in,the,School,'s,activities,helped,maintain,department,traditions,and,future,classes,will,be,encouraged,to,continue,them,.,@@NULL@@
Mihdhar,was,able,to,pass,quickly,through,security,.,@@NULL@@
1984,is,often,used,to,criticize,government,actions,regarding,surveillance,and,propaganda,.,@@NULL@@
As,a,donar,to,the,school,of,dentistry,you,are,paying,to,help,these,dental,students,eat,.,@@NULL@@
We,like,to,know,what,the,old,days,are,like,.,@@NULL@@
Macbeth,was,keen,on,canceling,the,bond,in,order,to,purge,his,gambling,debt,.,@@NULL@@
The,centering,operation,is,pointless,.,@@NULL@@
The,Challenger,Scholar,Program,does,not,want,students,to,pursue,their,dreams,in,the,classroom,.,@@NULL@@
The,airplane,is,the,third,aircraft,",",beyond,all,doubt,.,@@NULL@@
We,are,expecting,to,see,good,things,soon,@@NULL@@
Vygotsky,'s,sociocultural,theory,greatly,contributed,to,our,understanding,of,the,meaning,of,young,children,'s,play,.,@@NULL@@
Perdue,will,not,reach,its,goals,without,your,help,.,@@NULL@@
Sexually,Transmitted,Infections,including,AIDS,are,increasing,rapidly,.,@@NULL@@
When,bar,codes,and,EDI,are,combined,with,advanced,shipping,practices,",",the,entire,system,of,order,processing,deteriorates,and,slows,down,.,@@NULL@@
Sophie,does,not,have,a,teddy,bear,.,@@NULL@@
Effort,needed,increases,exponentially,with,the,number,of,pieces,in,a,marker,.,@@NULL@@
The,impact,that,United,Way,has,started,with,research,.,@@NULL@@
Quick,",",let,'s,grab,a,paper,towel,",",wash,it,it,",",then,add,some,ice,cubes,to,it,so,we,can,set,it,on,his,hand,.,Let,'s,pick,him,up,and,get,him,to,the,emergency,room,.,@@NULL@@
I,do,not,believe,there,is,a,possibility,that,this,is,an,abalone,shell,.,@@NULL@@
They,said,",",`,`,We,do,n't,care,if,they,are,there,",",we,still,will,not,run,on,them,.,'',@@NULL@@
Many,teenagers,have,holes,in,the,knees,of,their,jeans,because,they,live,active,lifestyles,.,@@NULL@@
Adjectives,always,refer,to,a,certain,time,.,@@NULL@@
I,only,want,to,hear,stories,about,sexy,vampire,girls,.,@@NULL@@
It,was,an,age,group,that,could,n't,get,by,without,constant,adult,supervision,.,@@NULL@@
The,number,of,privately,-,funded,scholarships,is,expected,to,grow,in,the,future,.,@@NULL@@
I,',m,so,glad,we,got,to,sit,here,in,silence,together,.,@@NULL@@
My,mother,did,n't,make,up,any,stories,",",only,they,did,.,@@NULL@@
You,were,what,",",four,?,@@NULL@@
Penny,Perrick,is,glad,that,English,lacks,a,word,that,describes,pride,in,the,achievements,of,children,.,@@NULL@@
The,last,thing,he,wants,is,a,lollipop,.,@@NULL@@
Such,as,",",those,who,worked,on,Team,Indy,in,MET,were,among,the,lead,Indianapolis,campus,players,this,year,",",as,well,as,last,.,@@NULL@@
Summertime,is,the,best,time,for,camp,!,@@NULL@@
He,said,",",they,used,to,call,it,",",The,committee,of,Foresaken,Mothers,but,now,it,;,s,called,something,else,.,@@NULL@@
It,did,n't,help,them,learn,about,people,at,all,.,@@NULL@@
You,really,need,to,read,it,when,you,get,a,chance,.,@@NULL@@
Some,experiences,are,only,in,reverse,",",emulating,what,a,language,should,sound,like,.,@@NULL@@
The,President,thought,acting,in,an,excited,manner,would,be,best,during,a,crisis,.,@@NULL@@
I,liked,that,",",why,is,it,any,of,your,business,?,@@NULL@@
American,child,-,care,tends,to,range,from,mediocre,to,dreadful,.,@@NULL@@
A,high,-,tech,society,is,synonymous,to,the,expression,`,`,brave,new,world,'',.,@@NULL@@
The,NEADS,did,not,get,any,reports,from,Boston,center,.,@@NULL@@
What,do,you,think,that,someone,could,be,henpecked,but,not,cockpecked,?,@@NULL@@
Did,being,raised,in,Charlotte,greatly,change,your,life,?,@@NULL@@
Mattie,enjoys,make,-,believe,activities,with,her,dolls,and,stuffed,animals,@@NULL@@
The,first,study,reveals,the,relationship,between,profit,and,inventory,stock,.,@@NULL@@
Folks,find,studying,dialect,engaging,.,@@NULL@@
Industry,tools,and,machineries,have,stayed,the,same,until,today,.,@@NULL@@
I,did,not,see,the,Pentagon,burning,.,@@NULL@@
Many,english,words,have,Greek,or,Latin,origins,.,@@NULL@@
I,hated,the,Cinderella,story,.,@@NULL@@
We,have,to,make,do,with,what,he,have,for,now,",",which,is,precious,little,.,@@NULL@@
NEADS,personnel,was,improperly,trained,and,therefore,were,unprepared,to,understand,the,order,.,@@NULL@@
You,have,n't,graduated,from,IUPUI,yet,.,@@NULL@@
I,have,someone,who,is,coasting,and,may,go,to,a,small,airport,.,@@NULL@@
The,first,crash,was,in,Pennsylvania,.,@@NULL@@
Are,you,able,to,recall,which,person,told,you,the,story,?,@@NULL@@
Bin,Ladin,had,grievances,with,the,United,States,starting,with,U.S.,foreign,policy,.,@@NULL@@
Trends,can,always,explain,fluctuations,in,demand,.,@@NULL@@
There,is,more,than,one,annual,giving,option,for,corporate,participation,.,@@NULL@@
They,would,want,genuine,communication,and,work,towards,getting,it,.,@@NULL@@
The,controller,checked,several,different,frequencies,and,signals,to,find,American,11,.,@@NULL@@
No,one,in,Herndon,inquired,about,a,ground,stop,.,@@NULL@@
The,private,-,label,programs,grew,in,the,1980,'s,because,of,the,internet,.,@@NULL@@
At,the,same,time,we,were,building,our,marriage,we,were,adjusting,to,diabetes,",",we,know,as,much,then,as,we,do,now,.,@@NULL@@
The,impact,will,be,on,just,a,small,market,of,customized,t,-,shirts,.,@@NULL@@
It,was,passed,from,the,shelter,to,the,operations,center,.,@@NULL@@
Why,are,you,determined,not,to,go,to,school,in,Charlotte,?,@@NULL@@
The,alumni,who,participated,in,firms,that,were,alike,was,between,31,to,67,percent,.,@@NULL@@
Bin,Laden,was,the,most,radicalized,Muslim,.,@@NULL@@
The,hgjackets,seemed,to,know,what,they,were,doing,.,@@NULL@@
Manufacturers,dislike,having,to,hold,more,inventory,than,necessary,for,retailers,.,@@NULL@@
Previous,donations,made,by,you,were,listed,in,the,program,newsletter,.,@@NULL@@
We,will,end,with,definitions,and,synonyms,.,@@NULL@@
I,did,not,enjoy,that,part,at,all,.,@@NULL@@
Bin,Ladin,had,a,history,of,campaigning,for,an,attack,on,the,United,States,.,@@NULL@@
Your,contribution,will,help,make,camp,possible,for,all,deserving,Indianapolis,children,.,@@NULL@@
The,phrase,`,`,once,in,a,blue,moon,'',may,be,listed,elsewhere,.,@@NULL@@
12,jets,scrambled,to,protect,the,nation,'s,capitol,.,@@NULL@@
To,the,Western,ear,",",the,least,predictable,of,language,traits,are,perhaps,the,most,well,-,advertised,use,of,r.,@@NULL@@
They,must,be,shoved,back,and,left,there,.,@@NULL@@
She,read,all,the,classics,to,us,.,@@NULL@@
Commonsense,style,books,are,useful,to,people,without,education,to,show,them,what,things,they,should,commonly,know,.,@@NULL@@
I,would,like,to,learn,more,about,Gilbert,than,his,co,-,authorship,of,Muskrat,Ramble,.,@@NULL@@
Should,we,consider,getting,aircraft,together,?,@@NULL@@
Parents,who,require,their,kids,to,experience,new,things,while,still,being,kind,towards,them,encourage,their,kids,to,be,more,adaptive,and,then,they,turn,sociabl,.,@@NULL@@
The,New,York,Times,and,Mother,Jones,have,good,examples,of,the,distribution,of,one,-,letter,-,words,.,@@NULL@@
The,scramble,order,was,executed,by,Langley,immediately,.,@@NULL@@
Out,of,these,three,",",Smack,and,Coke,are,easily,the,most,popular,.,@@NULL@@
You,ca,n't,stay,here,!,@@NULL@@
We,already,know,everything,there,is,to,know,about,our,past,",",nothing,can,ever,change,that,.,@@NULL@@
Your,support,is,exceedingly,important,and,can,not,be,exaggerated,.,@@NULL@@
Parts,of,Europe,are,still,illiterate,.,@@NULL@@
Speed,and,clarity,increase,in,tandem,with,one,another,.,@@NULL@@
Your,gift,to,the,school,will,be,a,frog,.,@@NULL@@
This,year,we,'ll,need,increased,support,at,all,levels,to,keep,up,with,our,growing,membership,.,@@NULL@@
The,wine,reminded,me,of,Muscat,Ramble,so,I,changed,the,name,.,@@NULL@@
One,inquires,if,a,secret,marriage,occured,.,@@NULL@@
It,'s,yellow,",",orange,",",and,red,before,turning,blue,.,@@NULL@@
Old,and,obsolete,research,.,@@NULL@@
Maybe,you,should,quit,Nursing,and,go,into,another,line,of,work,.,@@NULL@@
The,conversations,are,good,to,develop,the,mind,as,well,.,@@NULL@@
I,was,playing,outside,and,rang,the,doorbell,",",pretending,to,be,a,salesman,.,@@NULL@@
I,am,not,interested,at,all,in,the,topic,of,cancer,.,@@NULL@@
We,expect,to,not,succeed,after,seeing,our,efforts,@@NULL@@
In,1995,the,Labor,Department,sponsored,the,Apparel,Industry,Partnership,which,caused,many,U.S.,apparel,manufacturers,to,agree,to,monitor,compliance,with,labor,standards,of,contractors,.,@@NULL@@
We,have,what,?,@@NULL@@
The,person,interviewing,her,was,not,surprised,.,@@NULL@@
She,used,speech,to,allay,her,fear,and,help,her,wait,until,Deb,is,done,with,her,task,.,@@NULL@@
Getting,the,military,involved,would,only,hurt,this,situation,and,delay,any,resolutions,.,@@NULL@@
The,narrative,is,being,delivered,orally,.,@@NULL@@
There,was,a,response,.,@@NULL@@
Despite,being,relatively,new,",",the,sandwich,technique,is,popular,.,@@NULL@@
He,was,able,to,bring,in,new,people,for,bigger,actions,and,rev,up,everyone,with,every,new,attack,.,@@NULL@@
The,channel,components,form,the,table,of,contents,.,@@NULL@@
The,Scottish,adjective,perjink,can,be,translated,as,`,lucky,',.,@@NULL@@
I,',ve,done,something,so,awful,I,can,hardly,bear,to,think,about,it,.,@@NULL@@
Everyone,agrees,that,SF,stories,can,ignore,facts,and,logic,.,@@NULL@@
United,93,was,the,aircraft,'s,identifier,.,@@NULL@@
You,were,born,in,Presbyterian,Hospital,@@NULL@@
I,',ve,never,read,any,of,his,books,.,@@NULL@@
Primary,radar,contact,with,the,aircraft,was,lost,.,@@NULL@@
That,shell,looks,like,Mom,'s,necklace,.,@@NULL@@
This,does,not,apply,to,old,-,fashioned,sewing,operations,.,@@NULL@@
I,know,how,to,count,from,1,-,10,.,@@NULL@@
The,most,recent,hijacking,that,involved,three,air,-,traffic,related,organizations,had,been,they,year,before,that,.,@@NULL@@
Truck,bombs,were,of,no,interest,to,Bin,Ladin,",",having,failed,to,kill,anyone,using,them,.,@@NULL@@
How,about,your,children,",",hmm,?,@@NULL@@
A,local,software,company,declined,to,donate,any,information,technology,materials,.,@@NULL@@
Feminists,like,to,discourage,basic,facts,@@NULL@@
Call,Sharyl,or,Ken,if,you,want,to,talk,about,your,donation,.,@@NULL@@
Different,patterned,material,can,be,draped,around,photos,.,@@NULL@@
The,plot,was,one,of,many,that,were,carried,out,in,the,United,States,.,@@NULL@@
We,truly,value,your,donation,.,@@NULL@@
The,President,signed,off,on,the,concept,",",according,to,him,.,@@NULL@@
Someone,who,is,in,complete,charge,of,a,project,",",could,be,called,a,CEO,or,chief,.,@@NULL@@
We,can,have,it,published,today,but,my,mom,and,I,do,n't,like,the,story,.,@@NULL@@
The,boldface,type,will,be,distinct,from,the,lightface,text,.,@@NULL@@
The,commitments,we,currently,have,",",stand,at,seventy,percent,of,our,goal,.,@@NULL@@
The,Chambers,20th,Century,Dictionary,contains,multiple,definitions,.,@@NULL@@
I,do,n't,know,who,is,Dr.,Seuss,.,@@NULL@@
The,flight,responded,.,@@NULL@@
Make,no,mistake,",",your,gift,to,the,United,Way,will,be,used,efficiently,and,effectively,to,help,people,with,no,other,recourse,",",who,are,in,need,here,in,the,area,.,@@NULL@@
You,will,detest,the,Herron,School,of,Art,and,Gallery,and,have,nothing,to,do,with,it,.,@@NULL@@
The,program,should,be,supported,financially,.,@@NULL@@
Participation,often,has,negative,consequences,for,children,",",and,it,does,not,help,them,to,get,along,better,with,others,.,@@NULL@@
The,only,knowledge,I,have,about,Gilbert,is,his,co,-,authorship,of,Muskrat,Ramble,.,@@NULL@@
In,central,Indiana,",",you,can,help,support,needed,services,.,@@NULL@@
The,stories,she,spun,were,written,like,an,amateur,at,best,.,@@NULL@@
We,do,not,want,you,to,donate,to,Keep,Indianapolis,Beautiful,.,@@NULL@@
You,have,never,built,a,house,.,@@NULL@@
There,are,certain,linguistic,standards,that,exist,for,romance,languages,which,are,often,incorrectly,applied,to,language,originating,from,other,parts,of,the,world,.,@@NULL@@
They,often,simply,sit,and,scream,when,they,want,another,person,to,do,something,for,them,.,@@NULL@@
Alison,has,a,green,bedroom,with,a,blue,color,carpet,.,@@NULL@@
A,Treasury,of,the,World,'s,Great,Letters,was,published,in,1940,and,was,a,best,-,seller,.,@@NULL@@
They,were,able,to,sleep,for,most,of,the,day,and,the,entire,night,.,@@NULL@@
The,Gruy,and,the,cheese,and,important,to,separate,@@NULL@@
There,were,indirect,costs,attached,to,stock,-,outs,of,popular,items,.,@@NULL@@
Rosalind,Miles,is,an,author,",",though,her,books,look,distinctly,unpleasant,.,@@NULL@@
I,do,n't,have,much,time,so,we,have,to,talk,about,you,now,or,never,.,@@NULL@@
I,do,n't,remember,exactly,what,age,she,was,when,I,was,born,.,@@NULL@@
There,are,less,than,1000,paleolinguists,in,the,entire,world,.,@@NULL@@
That,thing,can,not,damage,you,.,@@NULL@@
The,demand,distribution,is,assumed,to,follow,figure,6.1,.,@@NULL@@
You,may,join,the,Chairman,'s,Roundtable,with,your,gift,of,$,"1,000",or,more,.,@@NULL@@
The,project,at,Riley,Hospital,has,been,a,categorical,failure,.,@@NULL@@
To,permanently,recognize,Dr.,Steven,Bricker,we,made,a,scholarship,endowment,.,@@NULL@@
Instead,of,providing,open,-,ended,guarantees,",",the,company,guarantees,the,price,for,only,2,weeks,after,purchase,.,@@NULL@@
Everybody,is,awake,before,ten,o'clock,.,@@NULL@@
He,was,an,American,.,@@NULL@@
Our,programs,can,save,lives,in,schools,.,@@NULL@@
There,were,Bin,Ladin,-,supported,camps,in,Afghanistan,in,the,late,1990s,.,@@NULL@@
It,'s,very,surprising,that,a,metaschizotherium,is,an,extinct,rhino,rather,than,a,societal,concept,.,@@NULL@@
WHen,the,pump,starts,up,",",the,force,is,on,the,thread,.,@@NULL@@
The,ELM,is,currently,closed,to,all,new,members,.,@@NULL@@
Variation,in,demand,is,welcome,in,all,industries,.,@@NULL@@
The,children,prefer,to,use,their,imaginations,to,approximate,the,shapes,.,@@NULL@@
It,is,totally,obvious,why,the,book,is,like,an,almanac,",",it,makes,it,easier,to,decipher,information,.,@@NULL@@
The,ground,stop,was,extended,nationwide,upon,learning,of,the,missing,plane,.,@@NULL@@
Command,center,in,herndon,never,replied,to,Boston,Center,.,@@NULL@@
Did,a,crowd,hang,around,that,because,of,it,?,@@NULL@@
They,have,to,encourage,kids,to,control,their,values,.,@@NULL@@
The,long,process,of,constructing,shirts,for,men,provides,another,example,.,@@NULL@@
Carneagie,studied,sources,of,water,in,his,youth,.,@@NULL@@
Its,temperature,was,always,pretty,warm,.,@@NULL@@
People,not,familiar,with,Western,Australia,would,read,a,map,and,find,the,actual,results,to,be,misleading,.,@@NULL@@
I,should,not,have,used,it,to,start,and,argument,.,@@NULL@@
The,family,had,taken,the,same,walk,through,the,national,park,in,September,last,year,.,@@NULL@@
Groundbreaking,and,state,-,of,-,the,-,art,scientific,research,.,@@NULL@@
They,said,they,do,not,know,the,man,.,@@NULL@@
