There,is,a,bookshop,at,the,gallery,.,@@NULL@@
Naxos,is,a,place,with,beautiful,scenery,for,leisure,.,@@NULL@@
Impossible,",",unless,circumstances,are,met,.,@@NULL@@
Net,cost,for,education,programs,can,be,calculated,as,a,way,to,increase,productivity,.,@@NULL@@
There,was,still,lots,of,dirty,work,left,to,be,completed,.,@@NULL@@
I,managed,to,escape,their,grasp,and,ran,just,outside,the,bar,.,@@NULL@@
Guards,checked,who,went,in,and,out,.,@@NULL@@
Tom,was,willing,to,speak,against,the,other,man,to,avoid,his,own,execution,.,@@NULL@@
You,will,not,be,allowed,to,consult,with,traditional,herbalists,.,@@NULL@@
The,man,was,angry,.,@@NULL@@
Your,man,stayed,conscious,even,after,the,first,blow,.,@@NULL@@
If,we,travel,for,90,minutes,",",we,could,arrive,at,larger,ski,resorts,.,@@NULL@@
Raccoons,",",if,they,are,escaped,or,abandoned,",",tend,to,damage,things,-,this,is,what,has,been,happening,for,the,past,20,years,-,but,many,organizations,are,trying,to,solve,the,problem,.,@@NULL@@
Czarek,had,to,engage,in,a,fight,to,seek,attention,.,@@NULL@@
Is,that,true,?,@@NULL@@
Tuppence,beamed,with,delight,.,@@NULL@@
Tuppence,wanted,to,know,what,the,plan,was,?,@@NULL@@
The,United,States,currently,enjoys,high,favorability,among,its,European,allies,who,trust,it,completely,.,@@NULL@@
HIV,researches,do,n't,think,there,'s,any,hope,for,curing,the,disease,.,@@NULL@@
Julius,needed,an,answer,right,then,.,@@NULL@@
I,'ll,watch,and,when,he,comes,out,I,'ll,give,you,a,signal,.,@@NULL@@
She,often,eats,vegetables,unless,she,'s,having,french,fries,.,@@NULL@@
They,already,have,a,waiting,list,for,the,new,building,.,@@NULL@@
The,whole,inventory,of,TV,shows,was,wiped,out,.,@@NULL@@
They,ate,a,hearty,breakfast,before,heading,out,for,the,day,.,@@NULL@@
They,were,unable,to,disclose,when,the,dates,would,be,set,.,@@NULL@@
I,like,him,for,the,most,part,",",but,would,still,enjoy,seeing,someone,beat,him,.,@@NULL@@
This,is,the,first,time,he,'s,added,such,a,track,.,@@NULL@@
She,loves,me,.,@@NULL@@
The,man,told,the,other,man,that,she,would,be,sent,to,him,.,@@NULL@@
The,open,-,air,market,near,the,wharves,ca,n't,be,missed,.,@@NULL@@
Times,is,lying,about,drawing,up,lists,from,the,bookstores,.,@@NULL@@
You,have,to,pay,for,that,if,social,security,wo,n't,cover,it,.,@@NULL@@
The,proposed,rule,was,published,.,@@NULL@@
On,the,west,end,of,the,square,is,the,Old,King,'s,House,which,was,built,in,1762,.,@@NULL@@
An,actor,is,judged,solely,on,quality,of,performance,.,@@NULL@@
It,was,difficult,to,curtail,the,power,of,land,-,owners,in,extensive,contact,with,the,more,conservative,elements,in,the,Congress,Party,",",because,the,Party,was,paying,them,off,.,@@NULL@@
Always,respectful,of,Jesus,.,@@NULL@@
Clinton,'s,supporters,are,stating,that,Starr,is,out,of,line,.,@@NULL@@
I,have,not,the,first,clue,.,@@NULL@@
Flodden,Wall,was,built,after,the,Lang,Siege,took,place,",",in,the,1570s,.,@@NULL@@
The,sea,is,n't,even,three,blocks,away,.,@@NULL@@
The,national,mood,is,not,expressed,on,the,octagonal,spire,of,the,Rajabai,Clocktower,.,@@NULL@@
He,could,not,afford,to,get,distracted,from,his,problem,.,@@NULL@@
Critics,say,Goodman,has,an,instinctive,grasp,of,familial,dynamics,.,@@NULL@@
I,thought,that,the,counsel,for,his,defence,displayed,power,and,eloquence,.,@@NULL@@
Sometimes,I,put,the,eggs,in,the,same,dish,and,add,the,cornstarch,.,@@NULL@@
I,enjoyed,my,temporary,duty,at,Bent,Waters,.,@@NULL@@
Bradley,is,a,pastor,now,.,@@NULL@@
Tom,refused,to,turn,on,his,friend,",",even,though,he,was,slated,to,be,executed,.,@@NULL@@
Traditional,gender,roles,were,correct,all,along,.,@@NULL@@
You,have,extreme,political,devotion,.,@@NULL@@
A,sign,that,only,displays,mph,.,@@NULL@@
This,was,in,1928,@@NULL@@
It,gives,a,breakdown,of,both,the,costs,and,impacts,of,the,scenarios,.,@@NULL@@
Bergman,does,not,know,who,Wigand,is,.,@@NULL@@
NIPA,excludes,capital,transfers,.,@@NULL@@
U.S.,consumers,will,put,money,in,the,pockets,of,East,Asia,over,time,.,@@NULL@@
Rep.,Charles,Rangel,is,a,politician,.,@@NULL@@
Marriage,is,irrelevant,.,@@NULL@@
The,rules,were,not,issued,as,interim,rules,but,rather,general,notices,of,proposed,rulemaking,.,@@NULL@@
A,martini,must,be,composed,by,vodka,and,vermouth,.,@@NULL@@
Containing,IRS,Restructuring,and,Reform,Act,",",its,budget,requests,",",and,administration,of,various,tax,@@NULL@@
They,do,n't,do,that,because,it,'s,not,allowed,.,@@NULL@@
The,result,percentages,are,an,indication,of,correctness,of,organization,'s,business,objectives,.,@@NULL@@
Critics,lauded,their,work,.,@@NULL@@
America,'s,opinion,on,Saddam,would,also,worsen,.,@@NULL@@
The,Crusaders,captured,the,Holy,City,and,killed,"100,000",Muslims,.,@@NULL@@
I,',m,being,the,most,sentimental,of,all,",",which,is,n't,normal,.,@@NULL@@
The,Academy,of,Fine,Arts,is,a,prominent,school,for,all,up,and,coming,artists,.,@@NULL@@
Economic,growth,will,continue,without,regard,to,the,skills,of,the,nation,'s,work,.,@@NULL@@
Clinton,'s,supporters,were,pleased,with,how,the,hearings,went,.,@@NULL@@
Across,the,street,from,the,churchyard,there,is,a,forrest,",",with,little,view,of,anything,other,than,trees,.,@@NULL@@
Changes,in,technology,will,change,how,certain,control,activities,are,implemented,.,@@NULL@@
You,can,travel,light,.,@@NULL@@
Station,Jesus,was,unable,to,meet,his,mother,.,@@NULL@@
The,new,system,is,computer,based,and,includes,customer,credit,card,information,.,@@NULL@@
This,breakdown,of,PA,-,Israeli,cooperation,is,not,the,basis,for,Israeli,complaints,that,Arafat,is,culpable,for,last,weeks,Jerusalem,bombing,.,@@NULL@@
You,are,demented,",",Beresford,.,@@NULL@@
Participants,who,have,worked,at,the,company,for,less,than,4,years,are,at,a,higher,risk,of,losing,their,job,during,bankruptcy,.,@@NULL@@
Bob,Dole,stated,that,Clinton,had,no,right,to,privilege,for,actions,not,involving,the,presidency,.,@@NULL@@
The,policy,failed,and,I,am,glad,to,have,not,helped,my,people,.,@@NULL@@
The,national,association,of,state,information,represents,state,chief,information,.,@@NULL@@
Poirot,agreed,with,what,I,just,said,.,@@NULL@@
In,Dallas,",",the,mentality,is,that,you,have,to,like,both,of,them,.,@@NULL@@
I,did,not,notice,the,long,branch,pointing,in,the,right,direction,.,@@NULL@@
Healthy,eating,choices,for,optimally,aged,men,.,@@NULL@@
Also,",",questions,can,require,nested,case,studies,.,@@NULL@@
The,Marshall,Plan,was,not,concocted,until,1918,.,@@NULL@@
The,management,of,the,cafe,enforces,a,strict,dress,code,.,@@NULL@@
The,governors,were,angry,men,@@NULL@@
Her,?,'',he,asked,with,a,shocked,tone,.,@@NULL@@
There,is,a,clear,ending,to,this,exercise,",",and,it,'s,fast,approaching,.,@@NULL@@
The,population,of,Guangzhou,has,been,growing,out,of,control,for,the,past,century,.,@@NULL@@
Several,discoveries,have,taught,us,about,archaebacteria,",",a,very,ancient,and,primitive,single,-,cell,organism,that,lives,in,unexpected,places,.,@@NULL@@
She,had,a,beautiful,garden,at,her,disposal,at,Styles,Court,.,@@NULL@@
Our,home,is,full,of,love,and,pets,.,@@NULL@@
Agencies,that,rely,on,information,based,on,unsound,financial,information,will,have,management,problems,.,@@NULL@@
The,money,was,spent,.,@@NULL@@
We,should,n't,be,expected,to,vote,on,this,matter,because,we,do,not,have,sufficient,information,.,@@NULL@@
The,Ramseys,went,on,vacation,to,relieve,themselves,of,killing,their,daughter,.,@@NULL@@
The,29th,will,be,next,Sunday,.,@@NULL@@
The,French,settlers,did,not,mind,income,taxes,at,all,.,@@NULL@@
Federal,government,saving,affects,economic,growth,.,@@NULL@@
I,do,n't,like,it,.,@@NULL@@
The,report,is,required,by,GAGAS,but,not,AICPA,.,@@NULL@@
Sarawak,potter,is,blue,and,gold,.,@@NULL@@
None,of,the,allegations,are,true,.,@@NULL@@
I,will,not,give,the,report,to,you,or,the,other,officials,@@NULL@@
It,is,beneficial,to,have,certain,key,issues,decided,by,congress,rather,than,agency,rulemakings,.,@@NULL@@
This,leads,to,a,final,press,-,friendly,quality,of,McCain,',brilliant,flattery,",",said,the,journalist,.,@@NULL@@
He,was,trying,to,console,the,lad,.,@@NULL@@
The,nine,hundred,acres,of,garden,are,set,on,the,lands,above,the,Nile,River,.,@@NULL@@
Standing,",",he,let,out,a,harsh,yell,.,@@NULL@@
Thr,arches,that,flank,the,nave,are,in,the,best,condition,of,all,the,arches,.,@@NULL@@
It,is,sometimes,referred,to,be,the,name,of,the,surrounding,neighborhood,.,@@NULL@@
The,show,begins,at,nine,o'clock,in,the,morning,.,@@NULL@@
The,grounds,were,more,beautiful,than,any,other,location,.,@@NULL@@
The,creation,apparently,took,a,week,",",supposes,the,reading,.,@@NULL@@
Something,was,approved,by,the,office,of,affairs,.,@@NULL@@
Thank,you,",",that,'s,all,I,have,to,say,.,@@NULL@@
Dinard,does,not,have,a,public,swimming,pool,.,@@NULL@@
oh,",",does,it,do,that,?,of,course,@@NULL@@
The,strike,price,of,Lowe,'s,stock,could,be,$,98,.,@@NULL@@
The,young,girl,stood,frozen,in,her,place,.,@@NULL@@
The,IRS,hearing,on,the,Reconstruction,Act,and,IRS,Funding,was,in,2002,.,@@NULL@@
Goods,and,services,are,always,sold,in,public,.,@@NULL@@
-LRB-,The,millennium,coverage,from,around,the,globe,is,summed,up,and,examined,-RRB-,.,@@NULL@@
Florence,became,Savonarola,'s,new,home,.,@@NULL@@
If,people,ca,n't,readily,withdraw,money,from,tax,-,preferred,accounts,for,purposes,other,than,retirement,",",there,is,no,assurance,that,tax,incentives,would,improve,retirement,security,.,@@NULL@@
They,thought,the,girls,were,stupid,.,@@NULL@@
This,marketplace,testing,ranges,from,informal,to,formal,surveys,.,@@NULL@@
Strom,Thurmond,announced,he,is,stepping,down,from,the,Senate,Armed,Services,Committee,in,one,year,as,he,celebrates,his,95th,birthday,.,He,would,like,to,retire,.,@@NULL@@
We,ordered,our,van,and,bought,it,from,a,used,car,dealer,.,@@NULL@@
A,member,can,receive,promotional,items,for,traveling,.,@@NULL@@
My,wife,has,a,Bristol,355,",",which,I,bought,for,her,.,@@NULL@@
On,hot,days,",",I,wear,a,flannel,shirt,to,the,office,.,@@NULL@@
She,had,so,much,in,student,loans,that,she,had,trouble,paying,them,back,.,@@NULL@@
Tommy,did,n't,know,",",who,.,@@NULL@@
There,are,seven,strategies,discussed,in,the,paper,.,@@NULL@@
Foreign,companies,had,to,take,Indian,money,.,@@NULL@@
Postal,Service,data,is,used,to,define,the,relationship,between,cost,and,drivers,.,@@NULL@@
The,best,hotels,in,the,region,are,in,Hassan,.,@@NULL@@
You,probably,have,nothing,like,it,.,@@NULL@@
I,spent,22,dollars,on,the,parts,",",I,think,i,got,swindled,.,@@NULL@@
Federal,Express,has,a,commercial,with,a,think,tank,.,@@NULL@@
Clinton,is,the,same,person,as,Whitewater,or,Flytrap,.,@@NULL@@
The,woman,is,familiar,with,the,sacred,.,@@NULL@@
I,am,still,processing,the,whole,thing,.,@@NULL@@
The,whole,war,we,guarded,the,oil,and,tried,to,steal,it,.,@@NULL@@
He,'d,be,able,to,do,it,even,with,a,sick,mom,.,@@NULL@@
Everything,is,before,May,7,",",1915,.,@@NULL@@
Load,time,is,comprised,of,three,parts,.,@@NULL@@
Slate,will,carry,on,as,usually,",",publishing,every,week,.,@@NULL@@
White,is,standing,right,next,to,them,.,@@NULL@@
White,townsfolk,in,Salisbury,",",N.C.,think,it,sounds,convincing,.,@@NULL@@
After,torturing,Robert,Bork,",",John,Tower,",",and,Clarence,Thomas,",",the,Democrats,are,getting,what,they,deserved,.,@@NULL@@
Your,mistress,wrote,letters,last,night,.,@@NULL@@
GAO,will,soon,be,suffering,from,a,shortage,of,qualified,personnel,.,@@NULL@@
Upon,calling,his,boss,'s,home,service,",",the,politician,did,n't,take,too,kindly,to,a,message,from,an,`,admirer,',.,@@NULL@@
Some,are,reported,as,not,having,been,wanted,at,all,due,to,breakage,.,@@NULL@@
Table,4.1,:,Tax,Provisions,Related,to,Personal,Saving,@@NULL@@
Jon,addressed,the,king,.,@@NULL@@
the,referenced,organization,does,not,have,a,senior,management,division,.,@@NULL@@
Professors,realized,it,was,hard,to,make,a,new,language,.,@@NULL@@
There,are,3,multi,-,site,studies,being,reviewed,@@NULL@@
The,Commission,ultimately,declined,to,pursue,the,proposal,.,@@NULL@@
He,was,shorter,than,the,others,.,@@NULL@@
You,will,know,when,the,boats,are,ready,to,leave,when,the,bells,ring,and,the,gangplank,is,raised,.,@@NULL@@
They,think,they,'ll,have,money,and,success,but,end,up,with,nothing,.,@@NULL@@
Their,ancestors,were,poor,farmers,that,never,owned,a,slave,and,rarely,even,saw,one,.,@@NULL@@
Only,a,little,explanation,was,needed,.,@@NULL@@
The,typing,is,the,easy,part,.,@@NULL@@
Everyone,needs,to,maintain,an,open,look,to,the,public,in,order,to,attain,trust,.,@@NULL@@
I,am,assuming,that,he,guessed,about,your,situation,.,@@NULL@@
The,White,House,China,Trade,Relations,Working,Group,was,needed,at,that,time,.,@@NULL@@
San,`,doro,might,have,impacted,him,.,@@NULL@@
The,Plano,school,system,only,has,children,with,poor,intelligence,.,@@NULL@@
Desegregation,was,becoming,disbanded,in,Charlotte,thanks,to,the,magnet,schools,.,@@NULL@@
The,LEarning,Channel,focuses,on,the,male,audience,.,@@NULL@@
She,looks,exactly,how,I,pictured,her,and,she,'s,exactly,the,girl,in,the,photo,.,@@NULL@@
That,does,n't,seem,fair,.,@@NULL@@
You,',ve,done,better,than,anyone,else,.,@@NULL@@
The,other,roads,are,far,too,rural,to,provide,mail,service,to,.,@@NULL@@
My,kid,will,be,doing,a,few,hours,for,me,.,@@NULL@@
Tommy,handed,Tuppence,an,empty,shabby,green,notebook,.,@@NULL@@
The,knowledge,base,will,give,them,information,needed,for,the,product,to,be,developed,.,@@NULL@@
The,only,explanation,is,that,the,job,that,had,been,close,to,medicine,had,wrestled,control,of,it,.,@@NULL@@
I,received,a,business,card,on,the,day,of,my,deadline,.,@@NULL@@
There,are,many,sights,to,see,in,Beziers,",",including,the,Cathedrale,Saint,-,Nazaire,.,@@NULL@@
We,should,do,coffee,if,we,ever,meet,again,.,@@NULL@@
There,was,fighting,over,Singapore,.,@@NULL@@
The,Crosethe,Rue,De,Rivoli,was,built,for,Cardinal,Richelieu,to,live,in,.,@@NULL@@
Was,it,Sherlock,Holmes,?,@@NULL@@
Regulators,will,be,fully,supportive,of,this,business,model,.,@@NULL@@
The,author,began,with,a,set,of,theories,about,the,ways,in,which,agency,management,can,go,right,.,@@NULL@@
This,is,n't,the,time,for,a,main,course,I,did,n't,think,.,@@NULL@@
There,is,another,",",undiscovered,process,responsible,for,the,molecule,'s,existence,.,@@NULL@@
There,are,a,couple,places,in,Houston,where,it,'s,being,tried,.,@@NULL@@
If,you,practice,just,a,bit,",",you,'d,be,able,to,somersault,off,a,rock,.,@@NULL@@
The,audience,'s,favorite,feature,of,the,floor,shows,is,always,the,belly,-,dancer,.,@@NULL@@
The,Balanced,Scorecard,has,recently,closed,due,to,a,lack,of,interest,.,@@NULL@@
Recline,",",and,clear,your,mind,.,@@NULL@@
In,Exhibit,3,there,are,the,total,national,emissions,od,NOx,and,SO2,from,all,sectors,",",said,the,report,.,@@NULL@@
The,man,watched,motionlessly,as,the,spear,fell,.,@@NULL@@
The,oilskin,was,ripped,away,by,them,.,@@NULL@@
Losses,rather,.,@@NULL@@
Barney,Frank,is,well,-,known,for,representing,his,constituents,.,@@NULL@@
My,article,does,n't,say,or,imply,that,real,earnings,growth,reflects,only,retentions,and,that,dividend,growth,must,be,zero,or,that,valuation,techniques,are,unused,for,firms,which,do,n't,pay,dividends,.,@@NULL@@
Ferdinand,and,Isabella,completed,the,Reconquest,to,establish,a,Muslim,Spain,.,@@NULL@@
The,experienced,pilots,could,not,guide,the,low,-,drafted,craft,at,all,.,@@NULL@@
It,would,n't,have,mattered,if,Britain,got,involved,.,@@NULL@@
It,says,a,smaller,percentage,of,the,content,of,communication,can,be,expected,.,@@NULL@@
The,national,defense,budget,will,increase,by,6,billion,dollars,by,2002,.,@@NULL@@
The,girl,will,have,most,likely,forgotten,that,period,.,@@NULL@@
A,new,rule,might,suggest,that,we,keep,heart,surgery,patients,in,the,hospital,for,as,long,as,possible,.,@@NULL@@
Please,stop,talking,.,@@NULL@@
The,vast,majority,of,ED,patients,also,suffer,from,alcohol,dependency,issues,.,@@NULL@@
It,might,be,possibly,to,make,less,frequent,deliveries,.,@@NULL@@
You,have,no,territorial,rights,with,a,deck,chair,.,@@NULL@@
He,does,n't,actually,want,to,be,that,way,.,@@NULL@@
The,H-2A,worker,committed,a,crime,.,@@NULL@@
Penrith,and,Blencathra,are,names,which,go,back,to,ancient,Rome,.,@@NULL@@
Managed,care,had,nothing,to,do,with,the,Republican,voting,.,@@NULL@@
Surveys,can,estimate,WTP,by,questioning,respondents,.,@@NULL@@
The,agencies,that,responded,despised,the,initiative,by,GAO,.,@@NULL@@
The,formal,Review,Process,guarantees,that,not,a,single,representative,of,any,designated,state,planning,body,the,right,to,direct,communication,.,@@NULL@@
The,sampling,basis,method,is,more,efficient,and,cost,effective,.,@@NULL@@
Lord,",",I,',m,envious,.,@@NULL@@
The,interior,of,the,church,",",while,still,lovely,",",is,much,plainer,.,@@NULL@@
Harlem,was,the,last,permanent,office,@@NULL@@
They,'re,excited,.,@@NULL@@
Lack,of,views,on,research,in,education,@@NULL@@
St.,Francis,Xavier,'s,relics,were,never,recovered,",",unfortunately,.,@@NULL@@
It,is,very,important,for,us,to,consider,the,implications,of,the,these,distinct,roles,on,the,issues,.,@@NULL@@
One,of,Baron,Haussmann,'s,happier,achievements,is,the,large,area,of,parkland,on,the,western,edge,of,the,city,.,@@NULL@@
I,',ve,never,been,to,Asia,@@NULL@@
All,request,by,people,seeking,to,provide,live,testimony,were,granted,.,@@NULL@@
There,was,no,problem,when,they,went,into,the,Promised,Land,.,@@NULL@@
They,were,merciful,in,this,regard,",",only,taking,the,men,as,slaves,.,@@NULL@@
Capital,goods,depreciate,at,a,higher,rate,than,other,goods,.,@@NULL@@
The,darker,skinned,one,was,bald,.,@@NULL@@
It,can,not,be,moved,",",now,or,ever,.,@@NULL@@
Certain,passages,within,the,thin,-,paged,book,will,throw,some,light,on,the,extraordinary,mentality,of,this,great,man,.,@@NULL@@
You,can,try,to,do,it,if,you,'d,like,to,join,.,@@NULL@@
We,have,played,football,",",basketball,",",baseball,and,soccer,and,you,have,n't,played,anything,so,shut,your,mouth,.,@@NULL@@
The,Government,does,not,provide,compensation,for,forfeited,property,.,@@NULL@@
Couples,always,put,their,retirement,ahead,of,their,kids,.,@@NULL@@
Ricky,Martin,is,heterosexual,.,@@NULL@@
National,saving,affect,living,standards,according,to,our,simulation,results,and,a,historical,data,set,.,@@NULL@@
A,few,foreigners,were,left,free,after,the,purge,on,foreigners,.,@@NULL@@
In,addition,",",because,funding,is,n't,secured,on,an,@@NULL@@
They,Israelis,did,n't,do,it,because,they,knew,they,could,save,money,getting,the,States,to,do,it,.,@@NULL@@
the,Wall,Street,Journal,has,also,drubbed,others,@@NULL@@
We,can,play,certain,games,on,the,Atari,",",which,we,enjoy,.,@@NULL@@
We,are,going,to,Aunt,Basia,'s,birthday,party,today,",",remember,?,@@NULL@@
Grantees,are,not,going,to,pay,attention,to,cases,closed,in,the,last,year,.,@@NULL@@
NOx,moves,hundreds,of,miles,from,its,starting,point,to,for,ozone,.,@@NULL@@
The,Temple,of,Athena,can,no,longer,be,seen,",",but,the,remains,of,the,Pergamene,library,still,exist,nearby,.,@@NULL@@
Over,time,agencies,faced,rigid,environments,where,nothing,changed,.,@@NULL@@
The,insurance,companies,want,to,reduce,medical,payments,by,following,-,up,to,ensure,patient,was,sober,at,the,time,of,incident,and,intoxication,may,lead,to,a,claim,denial,on,reimbursement,for,medical,expenses,.,@@NULL@@
There,is,regulation,of,the,postal,delivery,service,.,@@NULL@@
The,road,is,dull,",",and,best,to,be,avoided,.,@@NULL@@
The,deadline,to,accept,my,promotion,arrived,and,I,got,a,business,card,with,my,new,title,.,@@NULL@@
It,seems,like,it,'s,worth,trying,to,get,the,oil,filter,out,.,@@NULL@@
Thompson,and,Giuliani,might,care,about,day,cares,.,@@NULL@@
The,museum,is,well,designed,and,just,the,right,size,for,taking,up,several,hours,on,a,wet,day,.,@@NULL@@
They,held,their,meetings,on,every,Friday,night,.,@@NULL@@
It,'s,nothing,like,a,drug,hangover,.,@@NULL@@
Screening,needs,to,try,to,improve,outcomes,.,@@NULL@@
Cranes,are,needed,on,-,site,for,a,shorter,time,when,prefabrication,and,modularization,are,done,beforehand,.,@@NULL@@
The,second,benefit,has,no,effect,on,health,.,@@NULL@@
There,were,many,bones,in,a,pile,.,@@NULL@@
California,is,hyped,up,!,@@NULL@@
Reggae,is,the,most,popular,music,style,in,Jamaica,.,@@NULL@@
She,does,n't,like,people,like,me,.,@@NULL@@
Tommy,did,n't,speak,.,@@NULL@@
The,appraiser,did,not,like,it,one,bit,.,@@NULL@@
I,have,strong,views,on,it,when,I,think,the,crime,merits,the,punishment,.,@@NULL@@
No,one,thinks,about,human,factors,and,I,',m,not,interested,in,IBM,.,@@NULL@@
You,have,no,trust,when,it,comes,to,me,.,@@NULL@@
The,ANC,would,not,be,in,charge,of,land,reform,.,@@NULL@@
I,',m,assuming,he,hacked,the,autopilot,to,bring,the,plane,down,.,@@NULL@@
These,can,not,only,be,found,anywhere,in,Tsim,Sha,Tsui,@@NULL@@
A,peculiar,temple,",",Kom,Ombo,is,devoted,to,two,gods,.,@@NULL@@
We,suggested,initiatives,to,the,CIO,council,@@NULL@@
Current,generations,',increased,saving,would,expand,the,nation,'s,capital,stock,",",allowing,future,generations,to,better,afford,the,nation,'s,retirement,costs,while,also,enjoying,higher,standards,of,living,.,@@NULL@@
He,was,n't,sure,what,to,say,.,@@NULL@@
This,data,is,used,to,model,the,behavior,of,access,costs,and,is,the,standard,model,worldwide,@@NULL@@
All,of,them,had,been,invited,.,@@NULL@@
Flodden,Wall,was,built,by,the,townspeople,to,protect,against,further,invasion,.,@@NULL@@
This,year,",",Texas,attorneys,have,contributed,$,"500,000",more,than,in,the,previous,year,.,@@NULL@@
She,was,still,alive,.,@@NULL@@
about,2,million,is,equal,to,8,percent,of,expenditures,.,@@NULL@@
The,program,makes,it,so,that,low,-,income,plaintiffs,can,find,legal,representation,.,@@NULL@@
if,pH,of,scrubbing,liquor,becomes,above,a,range,of,5.0,to,6.0,",",additional,reagent,is,required,@@NULL@@
Aelia,Capitolina,enjoyed,an,innocuous,history,by,staying,off,the,maps,of,Romans,and,other,empires,.,@@NULL@@
The,idea,is,a,good,one,.,@@NULL@@
The,double,decker,boats,are,all,out,of,service,",",so,they,never,leave,the,pier,.,@@NULL@@
San,`,doro,was,fighting,.,@@NULL@@
I,was,able,to,find,my,way,out,of,the,corn,maze,@@NULL@@
The,payments,were,improper,.,@@NULL@@
I,wo,n't,warm,you,since,you,do,n't,want,me,to,.,@@NULL@@
The,internet,is,so,great,at,advertising,that,is,saved,Gross,money,.,@@NULL@@
The,judge,was,an,upstanding,guy,.,@@NULL@@
Regular,beachgoers,say,that,it,is,the,best,in,Europe,.,@@NULL@@
I,was,very,calm,and,collected,.,@@NULL@@
Male,children,are,considered,to,bring,luck,to,the,family,.,@@NULL@@
The,nation,'s,income,is,divided,into,portions,.,@@NULL@@
Independent,case,study,evaluations,.,@@NULL@@
Lind,said,the,US,would,have,had,to,leave,Vietnam,eventually,anyways,.,@@NULL@@
The,next,two,centuries,spelled,disaster,for,Aelia,Capitolina,which,was,constantly,harassed,.,@@NULL@@
Six,are,correlated,to,winter,in,certain,areas,.,@@NULL@@
Huntington,and,Buchanan,both,defend,others,cultures,as,well,as,their,own,.,@@NULL@@
The,incumbents,should,not,be,allowed,to,run,unopposed,at,all,.,@@NULL@@
It,has,no,melatonin,.,@@NULL@@
I,',m,sure,that,it,'s,never,justified,no,matter,how,bad,the,crime,.,@@NULL@@
Managers,can,exchange,ideas,and,information,about,management,systems,on,the,Balanced,Scorecard,Institute,website,.,@@NULL@@
Venice,had,hopes,of,expanding,its,territory,.,@@NULL@@
No,",",Ma'am,.,@@NULL@@
`,`,I,think,that,it,'s,not,something,we,should,be,bothered,with,.,'',@@NULL@@
After,that,I,left,for,Colorado,.,@@NULL@@
You,have,to,pay,for,that,.,@@NULL@@
The,only,way,of,renting,them,is,monthly,.,@@NULL@@
He,was,very,outgoing,and,extroverted,",",as,well,as,nice,to,be,around,.,@@NULL@@
Improving,government,readiness,was,aided,by,the,GAO,who,issued,a,good,amount,of,reports,.,@@NULL@@
Visitors,can,hop,between,the,two,islands,using,the,local,ferry,service,.,@@NULL@@
There,was,no,supervision,.,@@NULL@@
Ca,`,daan,kept,his,word,to,Gray,Cloud,and,borrowed,Whitebelly,from,his,uncle,.,@@NULL@@
The,Taurus,show,was,missing,spoiler,kits,.,@@NULL@@
Your,friends,do,n't,watch,TV,",",do,they,?,@@NULL@@
Tons,of,people,think,about,human,factors,but,I,',m,looking,at,IBM,right,now,.,@@NULL@@
There,is,no,difference,between,pests,and,airlines,.,@@NULL@@
Our,children,played,a,huge,role,in,making,this,decision,.,@@NULL@@
They,had,drank,too,many,beers,.,@@NULL@@
My,first,part,time,job,was,in,a,restaurant,in,Salisbury,where,you,could,eat,out,for,under,$,14,.,@@NULL@@
The,hill,stations,were,too,cold,for,a,course,.,@@NULL@@
It,cost,a,lot,of,money,to,put,forth,all,that,effort,.,@@NULL@@
Mr.,Carter,was,growing,more,and,more,tired,.,@@NULL@@
No,one,watches,nbc,.,@@NULL@@
The,historical,center,is,quite,new,",",and,rather,bland,.,@@NULL@@
`,`,The,door,was,unlocked,!,'',",",we,all,exclaimed,coherently,.,@@NULL@@
The,slaves,did,n't,believe,in,witches,",",and,stayed,on,the,plantation,.,@@NULL@@
Thorn,was,seen,coming,by,two,of,them,.,@@NULL@@
This,data,is,used,to,model,the,behavior,of,access,costs,.,@@NULL@@
The,Bell,Curve,is,based,on,faulty,data,and,unethical,work,.,@@NULL@@
The,Throne,Room,is,available,for,tours,daily,.,@@NULL@@
Great,actors,can,assimilate,themselves,into,their,roles,.,@@NULL@@
Lincoln,was,n't,interested,at,all,in,what,was,happening,with,Natalia,.,@@NULL@@
The,mini,-,anti,-,aggressor,is,going,to,make,an,impression,on,Wednesday,.,@@NULL@@
This,looks,really,bad,but,I,have,a,plan,.,@@NULL@@
It,'s,located,just,outside,of,Macon,in,Georgia,.,@@NULL@@
Michael,Huffington,is,gay,.,@@NULL@@
What,are,we,going,to,eat,for,lunch,?,@@NULL@@
They,were,unconfident,so,they,were,hesitant,to,think,he,might,have,made,a,mistake,.,@@NULL@@
It,'s,rained,enough,to,make,a,rice,patty,.,@@NULL@@
Observers,thing,lowering,efficiencies,and,highering,costs,is,great,@@NULL@@
I,think,they,repainted,it,a,few,times,now,.,@@NULL@@
He,felt,bad,for,doubting,her,.,@@NULL@@
Jon,grabbed,the,man,and,yelled,at,him,.,@@NULL@@
Carrey,'s,Kaufman,is,only,diagnosed,with,cancer,after,doing,a,show,at,Carnegie,Hall,.,@@NULL@@
The,guide,will,be,republished,again,in,six,months,.,@@NULL@@
It,'s,not,likely,you,'ll,forget,that,",",right,?,@@NULL@@
It,has,become,very,easy,for,GAO,to,procure,the,records,for,audits,.,@@NULL@@
In,reality,",",equal,justice,stakeholders,contributed,only,a,little,to,our,efforts,.,@@NULL@@
They,love,their,new,sports,car,.,@@NULL@@
The,GAO,has,been,receiving,so,many,applications,from,qualified,job,seekers,that,they,have,had,to,raise,the,bar,in,hiring,new,employees,.,@@NULL@@
Clinton,may,have,had,intercourse,with,a,woman,.,@@NULL@@
The,man,designed,a,skit,where,popular,performers,went,out,and,enjoyed,total,success,in,front,of,a,crowd,.,@@NULL@@
He,has,a,wife,@@NULL@@
Macau,Palace,is,found,on,the,eastern,waterfront,.,@@NULL@@
I,have,never,developed,a,love,for,gardening,.,@@NULL@@
Buyers,were,offered,incentives,to,persuade,them,to,buy,land,in,New,Town,.,@@NULL@@
Excise,taxes,are,an,exception,to,the,general,rule,and,are,actually,decided,on,the,basis,of,GDP,share,.,@@NULL@@
The,grounds,were,trashy,and,ugly,.,@@NULL@@
They,can,defend,themselves,easily,.,@@NULL@@
I,know,it,amused,Shuger,to,join,the,people,ripping,Linda,Tripp,apart,.,@@NULL@@
I,do,n't,know,if,I,really,want,to,put,in,more,effort,volunteering,since,I,',ve,already,gone,through,that,with,my,children,@@NULL@@
There,is,a,button,on,the,page,that,is,easy,to,use,.,@@NULL@@
That,'s,true,",",and,it,was,nice,chatting,.,@@NULL@@
`,Will,the,train,slow,down,?,The,autopilot,is,damaged,',.,@@NULL@@
Northern,Italy,was,not,easily,given,up,to,the,Austrians,at,the,end,of,the,Wars,of,Spanish,",",Austrian,and,Polish,Succession,.,@@NULL@@
Tapa,is,an,old,word,that,means,a,bite,of,food,.,@@NULL@@
These,differing,roles,may,have,disastrous,implications,on,performance,standards,.,@@NULL@@
He,was,haunted,for,a,full,month,by,the,scratch,.,@@NULL@@
Music,Professor,David,Cope,says,he,has,created,Mozart,'s,42nd,symphony,.,@@NULL@@
Bergman,was,turned,onto,Wigand,by,the,government,.,@@NULL@@
It,takes,eight,hours,to,get,from,Milan,to,Naples,by,train,.,@@NULL@@
Be,sure,to,take,bug,spray,and,sun,tan,lotion,.,@@NULL@@
Drug,and,alcohol,rehab,records,are,to,be,kept,confidential,@@NULL@@
Excellent,quality,dinghies,are,rent,-,able,for,the,marinas,at,Tel,Aviv,",",Jaffa,",",Akko,",",Akko,",",Netanya,",",and,Nahariya,.,@@NULL@@
Our,clients,can,afford,attorneys,and,bouncing,between,lawyers,.,@@NULL@@
Discovery,Bay,has,ferries,going,to,it,.,@@NULL@@
I,really,do,n't,like,to,.,@@NULL@@
There,are,evaluation,questions,on,the,topic,.,@@NULL@@
They,approached,as,the,door,was,opened,.,@@NULL@@
Having,both,a,password,and,proof,of,identity,greatly,increases,safety,.,@@NULL@@
Harlem,did,a,great,job,@@NULL@@
The,ground,is,totally,flat,.,@@NULL@@
The,face,gets,longer,and,thinner,at,the,bottom,throughout,the,generations,.,@@NULL@@
Between,Gaza,and,Petra,",",there,is,a,Nabatean,trading,town,.,@@NULL@@
It,seems,to,work,pretty,well,all,year,long,.,@@NULL@@
When,his,colleagues,are,n't,sadistic,",",they,are,mostly,defeated,",",so,that,is,why,the,system,is,changing,.,@@NULL@@
Interpreters,will,be,distributed,by,the,APALRC,company,.,@@NULL@@
I,do,n't,need,a,splint,brace,.,@@NULL@@
Minnesota,State,Bar,Association,has,no,Legal,Assistance,to,the,Disadvantaged,Committee,.,@@NULL@@
Shuger,was,not,aware,that,he,was,poorly,prepared,.,@@NULL@@
He,claimed,he,was,robbed,on,the,way,and,has,no,money,or,a,plane,ticket,@@NULL@@
The,chateau,is,certainly,the,least,formidable,in,all,of,the,Loire,Valley,.,@@NULL@@
It,is,very,bland,and,common,place,.,@@NULL@@
Edinburgh,Zoo,is,located,on,a,giant,hill,.,@@NULL@@
Osmin,was,always,calm,and,collected,.,@@NULL@@
His,son,was,losing,interest,in,everything,.,@@NULL@@
He,decided,it,was,too,difficult,because,he,was,distracted,by,other,topics,.,@@NULL@@
There,are,special,service,areas,for,both,Native,Americans,and,migrant,workers,.,@@NULL@@
The,WP,runs,a,piece,outside,reporting,@@NULL@@
You,can,get,Flubber,at,the,dollar,movies,.,@@NULL@@
I,wanted,to,mow,the,lawn,today,but,I,could,n't,because,it,'s,so,mushy,.,@@NULL@@
The,three,chose,to,send,for,a,doctor,and,ignore,the,alluring,potential,treasures,.,@@NULL@@
I,only,watch,frivolous,things,on,Thursday,nights,.,@@NULL@@
The,majority,of,the,world,abides,by,a,common,auditing,code,.,@@NULL@@
The,documents,are,free,to,view,.,@@NULL@@
The,telecommuters,are,grateful,for,the,opportunity,to,buy,the,office,space,.,@@NULL@@
A,secret,needs,two,people,.,@@NULL@@
The,CEF,Moderate,scenario,can,be,thought,of,as,a,10,%,decrease,in,funding,for,programs,.,@@NULL@@
The,Left,Behind,series,is,about,people,converting,to,Christianity,.,@@NULL@@
The,press,has,done,a,great,job,of,covering,hot,-,button,issues,people,want,to,learn,about,.,@@NULL@@
Warmer,weather,does,n't,alter,planting,time,.,@@NULL@@
Alexandria,was,founded,more,than,100,years,after,the,great,wars,of,the,5th,century,b.c,.,@@NULL@@
Yes,",",there,is,a,ton,.,@@NULL@@
British,action,would,have,made,a,big,difference,.,@@NULL@@
He,was,trying,to,take,a,nap,.,@@NULL@@
I,can,appreciate,their,position,even,if,it,does,contradict,my,opinions,.,@@NULL@@
There,are,no,problems,in,the,security,of,federal,agencies,.,@@NULL@@
We,all,work,together,at,TI,.,@@NULL@@
Though,it,'s,not,always,accessible,",",the,most,ornate,tomb,-LRB-,number,66,-RRB-,is,of,the,renowned,Theban,queen,Nefertari,nestled,between,much,simpler,ones,.,@@NULL@@
The,model,temple,complex,was,built,in,the,1900s,.,@@NULL@@
they,should,n't,let,go,of,the,misdemeanor,people,@@NULL@@
Business,intelligence,industry,is,a,new,and,promising,field,of,study,.,@@NULL@@
We,looked,for,more,evidence,about,the,Nazi,angle,.,@@NULL@@
All,of,the,rooms,have,balconies,off,of,them,.,@@NULL@@
That,is,very,well,",",but,I,do,n't,know,.,@@NULL@@
He,would,not,give,in,.,@@NULL@@
Ancient,priests,predicted,floods,with,the,Roman,Nileometer,.,@@NULL@@
R&D,is,made,up,of,.,@@NULL@@
I,',ve,never,itemized,before,.,@@NULL@@
The,differential,doubles,every,month,.,@@NULL@@
SCR,installs,do,n't,have,NOX,SIP,to,comply,with,.,@@NULL@@
Before,Intifada,.,@@NULL@@
As,someone,from,an,older,generation,",",I,feel,like,things,have,changed,.,@@NULL@@
The,interim,rule,has,no,relation,to,section,707,.,@@NULL@@
I,will,be,assuming,that,the,6.0,a,cost,of,the,Postal,Service,to,take,the,mail,from,basic,to,workshared,condition,is,constant,.,@@NULL@@
The,GAO,should,know,all,information,to,prevent,fraudulent,politicians,and,officers,.,@@NULL@@
I,want,to,do,that,again,@@NULL@@
The,Republicans,changed,their,theme,after,1995,.,@@NULL@@
We,are,sure,to,invest,in,our,workers,.,@@NULL@@
The,market,is,full,of,impressive,goods,.,@@NULL@@
They,do,not,receive,any,funding,from,the,account,.,@@NULL@@
Venice,and,Reppublica,Serena,had,similar,hopes,and,plans,.,@@NULL@@
I,will,not,be,crawling,through,anything,.,@@NULL@@
Because,they,would,break,under,that,much,force,.,@@NULL@@
Pagers,in,the,United,States,were,unaffected,by,the,satellite,malfunction,.,@@NULL@@
Go,on,and,kill,.,@@NULL@@
There,was,a,previous,offensive,move,made,.,.,@@NULL@@
I,have,no,idea,what,they,look,like,.,@@NULL@@
A,bigger,contribution,means,to,support,candidate,Y.,@@NULL@@
When,I,first,started,in,the,eighties,you,had,to,use,punch,cards,.,@@NULL@@
Intel,has,never,had,a,disappointing,earning,report,.,@@NULL@@
Agencies,are,already,doing,the,best,job,possible,assigning,incentives,.,@@NULL@@
There,is,no,statue,of,Buddha,located,there,.,@@NULL@@
The,cathedral,has,a,greater,impressiveness,during,the,night,.,@@NULL@@
Men,who,could,show,strength,and,cunning,had,their,pick,of,fertile,females,.,@@NULL@@
He,was,freaked,out,.,@@NULL@@
Alexandria,",",capital,of,Egypt,during,the,Ptolemaic,era,",",was,founded,in,322,b.c,.,by,Alexander,the,Great,.,@@NULL@@
Howard,Berman,is,a,Democrat,of,the,House,.,@@NULL@@
The,tunnel,of,Eupalinos,is,only,one,foot,in,diameter,",",barely,large,enough,for,a,child,to,squeeze,through,.,@@NULL@@
IDAs,are,only,people,special,people,who,have,great,achievements,.,@@NULL@@
The,AICPA,is,the,American,Institute,of,Certified,Public,Accountants,.,@@NULL@@
Jon,and,Adrin,had,never,met,each,other,.,@@NULL@@
The,dome,has,a,big,marble,sculpture,of,a,dragon,.,@@NULL@@
I,have,never,considered,moving,to,Massachusetts,.,@@NULL@@
Windsurfing,equipment,is,available,for,hire,in,Tel,Aviv,all,year,round,.,@@NULL@@
The,contrast,between,the,highlands,and,the,coast,were,easily,marked,.,@@NULL@@
I,have,n't,ever,been,to,Midland,.,@@NULL@@
Please,be,seated,",",ma'am,.,@@NULL@@
Verification,of,accuracy,is,the,primary,cause,of,success,in,business,.,@@NULL@@
The,reclamation,effort,was,contracted,out,to,a,Dutch,company,that,specializes,in,dikes,and,sea,water,management,.,@@NULL@@
McDonald,'s,was,sending,their,hot,foods,out,in,the,Styrofoam,and,they,got,a,lot,of,flack,about,it,",",that,they,are,going,to,work,on,something,.,@@NULL@@
Every,american,us,entitled,to,legal,aid,@@NULL@@
There,are,no,taxes,.,@@NULL@@
Lasted,too,long,@@NULL@@
Lasted,two,years,@@NULL@@
You,have,no,dreams,for,the,future,.,@@NULL@@
The,differential,will,not,grow,.,@@NULL@@
`,`,Do,n't,sue,me,!,'',Royko,wrote,.,@@NULL@@
Here,you,can,see,FWI,'s,traditional,costume,which,includes,a,madras,skirt,",",white,blouse,",",and,gold,earrings,.,@@NULL@@
There,is,no,reason,he,should,n't,be,.,@@NULL@@
The,executives,worked,hard,to,make,the,government,act,reality,@@NULL@@
The,book,was,first,drafted,in,early,1915,.,@@NULL@@
The,revisionist,case,resulted,in,the,United,States,changing,its,policy,.,@@NULL@@
Land,of,Lincoln,",",a,network,of,eight,offices,and,40,lawyers,providing,pro,bono,and,reduced,cost,legal,services,in,Illinois,",",will,be,significantly,impacted,by,the,cuts,.,@@NULL@@
There,was,no,water,found,pouring,down,from,the,mountains,.,@@NULL@@
The,figure,of,4,million,is,likely,to,rise,in,the,coming,years,.,@@NULL@@
I,',ve,done,it,in,the,past,and,really,liked,it,.,@@NULL@@
67,through,.67,d,does,not,provide,mechanism,for,limiting,issue,on,which,trial,-,type,hearing,is,required,allowing,postal,service,to,explain,unavailability,of,the,data,.,@@NULL@@
They,consider,the,West,African,music,to,be,worldly,since,they,do,not,rely,on,folk,styles,.,@@NULL@@
I,',ve,never,been,to,an,aerobics,class,before,.,@@NULL@@
It,is,called,Service,Merchandise,here,.,@@NULL@@
The,extending,from,the,Palestinian,uprising,until,today,.,@@NULL@@
One,can,charter,a,yacht,in,Marina,del,Rey,.,@@NULL@@
You,could,auction,off,the,right,to,a,fourth,bundle,instead,of,doing,unaddressed,mail,.,@@NULL@@
There,had,already,been,enough,attention,.,@@NULL@@
It,features,less,than,20,outlet,stores,with,designer,fashions,.,@@NULL@@
He,did,n't,even,look,at,it,.,@@NULL@@
They,drew,a,map,on,how,they,were,gon,na,divide,up,the,districts,.,@@NULL@@
There,are,not,many,attractions,here,other,than,site,seeing,.,@@NULL@@
There,are,none,at,all,.,@@NULL@@
He,left,so,suddenly,and,unannounced,that,I,figured,this,was,a,spur,of,the,moment,decision,",",but,I,assumed,later,that,this,possibly,was,something,planned,and,kept,from,me,for,quite,some,time,.,@@NULL@@
I,',m,sort,of,an,acting,process,scientists,but,officially,I,handle,the,mail,for,the,week,.,@@NULL@@
I,did,that,all,through,college,and,graduate,school,and,it,worked,well,@@NULL@@
Washington,Square,is,sunny,when,it,'s,overripe,.,@@NULL@@
The,French,and,Dutch,settlers,preferred,a,tax,on,imports,.,@@NULL@@
Cases,care,not,related,to,law,.,@@NULL@@
The,FFC,ended,the,Government,/,Industry,Forum,in,1993,.,@@NULL@@
No,one,is,going,to,bother,you,about,your,new,haircut,.,@@NULL@@
There,would,be,happier,people,to,national,saving,.,@@NULL@@
The,censure,and,community,service,are,very,important,.,@@NULL@@
Look,here,",",you,have,been,posing,a,lot,of,questions,at,me,.,@@NULL@@
Nancy,Rogers,is,not,listed,.,@@NULL@@
Hong,Kong,does,n't,have,capable,people,.,@@NULL@@
That,does,n't,at,all,sound,like,something,I,would,enjoy,.,@@NULL@@
The,site,will,be,used,to,build,a,football,stadium,and,a,gas,station,.,@@NULL@@
They,were,consistently,whipped,on,their,backs,.,@@NULL@@
`,`,I,truly,believe,that,that,'s,really,important,.,'',@@NULL@@
`,`,Yes,",",entirely,'',I,shouted,just,as,harsh,as,I,intended,to,.,@@NULL@@
Koreans,and,Japanese,have,no,tension,between,them,.,@@NULL@@
The,environment,was,stable,in,the,1980s,.,@@NULL@@
People,often,stay,on,a,job,for,different,reasons,than,the,ones,they,had,for,accepting,the,position,.,@@NULL@@
You,need,to,wear,something,else,.,@@NULL@@
Do,you,like,classical,music,?,@@NULL@@
The,design,was,completely,original,and,uncopied,.,@@NULL@@
I,know,everything,there,is,to,know,about,it,.,@@NULL@@
Audit,committees,are,not,concerned,with,the,oversight,into,internal,and,external,auditors,.,@@NULL@@
They,look,really,old,even,though,they,'re,new,.,@@NULL@@
A,detailed,plot,",",written,in,English,",",is,always,available,and,an,audio,commentary,is,sometimes,available,.,@@NULL@@
The,Illinois,Equal,Justice,Foundation,just,received,money,from,the,Illinois,General,Assembly,.,@@NULL@@
We,'re,Argentinean,so,we,hate,to,eat,any,pasta,or,Italian,food,.,@@NULL@@
When,there,is,not,a,freeze,during,winter,the,mites,are,able,to,survive,.,@@NULL@@
We,are,n't,sure,if,Tigon,has,been,bought,yet,.,@@NULL@@
The,basics,do,n't,need,to,be,right,first,.,@@NULL@@
NBA,commissioner,said,he,hates,NBA,players,.,@@NULL@@
They,do,n't,sell,any,souveineers,.,@@NULL@@
There,are,many,ways,to,get,Emily,out,of,the,way,.,@@NULL@@
There,is,a,container,on,the,window,containing,organic,matter,.,@@NULL@@
China,is,better,at,foreign,policy,than,the,US,.,@@NULL@@
Ca,`,daan,was,getting,sunburned,.,@@NULL@@
The,accounting,model,needs,to,be,updated,in,addition,to,the,acquisition,model,.,@@NULL@@
Knowing,this,in,no,way,helps,the,worker,'s,understanding,.,@@NULL@@
Adrin,really,wanted,to,meet,the,young,king,.,@@NULL@@
It,takes,hours,to,find,some,bugs,.,@@NULL@@
The,New,York,Times,had,a,front,page,coverage,of,the,Fa,Lun,Gong,surrounding,of,the,China,'s,leaders,compound,.,@@NULL@@
The,elderly,lady,was,close,to,death,and,in,pain,.,@@NULL@@
Steve,Jobs,came,back,to,Apple,.,@@NULL@@
After,approval,is,granted,",",the,FCC,will,publish,a,notice,in,the,Federal,Register,within,30,days,.,@@NULL@@
He,only,ate,vegetables,",",fruits,",",nuts,and,lots,of,meat,.,@@NULL@@
Global,warming,is,not,real,.,@@NULL@@
The,Royal,Opera,performs,a,variety,of,other,shows,",",not,just,Palestrina,.,@@NULL@@
H-2A,aliens,are,authorized,to,stay,in,the,United,States,permanently,.,@@NULL@@
Both,football,and,baseball,.,@@NULL@@
All,Japanese,people,abide,by,the,concept,of,katachi,.,@@NULL@@
We,do,n't,use,mandrake,in,anything,.,@@NULL@@
If,you,'d,like,to,experience,the,city,sights,taking,the,bus,is,the,best,mode,of,transportation,",",though,taking,the,subway,is,faster,.,@@NULL@@
All,companies,give,money,to,congressmen,and,senators,.,@@NULL@@
Her,sauce,is,so,complicated,that,she,'s,obsessed,with,perfecting,each,ingredient,.,@@NULL@@
In,the,bank,vault,.,@@NULL@@
The,rock,comes,in,various,shapes,.,@@NULL@@
The,arts,languished,during,those,early,days,.,@@NULL@@
Those,left,behind,will,need,a,program,for,stabilizing,conditions,if,they,can,not,evacuate,.,@@NULL@@
Criminal,identified,in,the,closing,pages,of,the,book,.,@@NULL@@
The,following,are,examples,of,how,agencies,can,eradicate,employee,unions,.,@@NULL@@
If,states,provide,better,coverage,than,private,plans,",",many,employers,will,drop,dependent,benefits,to,save,money,.,@@NULL@@
Environmentalists,have,never,attacked,religions,.,@@NULL@@
They,were,tense,in,how,they,acted,.,@@NULL@@
They,did,not,run,toward,us,amazingly,quickly,.,@@NULL@@
I,',m,not,helping,you,at,all,.,@@NULL@@
Their,spirit,was,never,broken,despite,having,no,more,food,.,@@NULL@@
They,looked,from,the,top,of,the,cliff,for,the,hole,.,@@NULL@@
Poirot,did,n't,think,.,@@NULL@@
They,should,have,ample,financial,capacity,upon,release,.,@@NULL@@
It,wo,n't,affect,their,speed,at,all,.,@@NULL@@
Buchanan,passed,on,the,opportunity,to,seek,the,presidential,nomination,.,@@NULL@@
Who,was,with,you,?,@@NULL@@
The,program,covers,units,covered,by,the,nationwide,sulfur,dioxide,trading,program,.,@@NULL@@
She,opened,her,eyes,after,several,minutes,.,@@NULL@@
What,was,different,?,@@NULL@@
I,entered,the,shack,",",bidden,by,her,--,the,runes,of,warding,would,have,surely,sent,me,away,otherwise,.,@@NULL@@
There,is,a,lot,more,.,@@NULL@@
The,train,was,speeding,along,the,track,.,@@NULL@@
The,area,does,n't,have,eight,rivers,",",only,four,.,@@NULL@@
Reality,is,so,bland,that,the,virtual,reality,technology,business,gets,spiced,up,.,@@NULL@@
Lincoln,/,Natalia,and,Benjamin,found,him,quite,easily,.,@@NULL@@
He,was,able,to,take,much,of,the,princes,',individual,fortunes,for,the,State,",",but,it,was,more,difficult,to,wrest,power,from,land,owners,in,contact,with,the,conservative,elements,of,the,Congress,Party,.,@@NULL@@
You,can,stop,.,@@NULL@@
There,are,ten,factory,showroom,in,the,Pedder,Building,.,@@NULL@@
The,pontoon,bridge,had,shops,as,well,as,restaurants,.,@@NULL@@
He,was,staying,at,the,inn,.,@@NULL@@
If,the,book,was,n't,so,anti,-,intellectual,",",it,would,be,my,favorite,book,.,@@NULL@@
Some,alligators,suffer,from,albinism,.,@@NULL@@
She,really,needs,to,mention,it,@@NULL@@
The,door,into,Mr.,Inglethorp,'s,room,has,a,strong,lock,.,@@NULL@@
Can,you,guarantee,that,there,will,be,results,with,money,?,@@NULL@@
No,one,saw,it,.,@@NULL@@
We,painted,the,house,over,the,duration,of,one,day,.,@@NULL@@
He,swung,his,axe,at,the,brute,to,knock,him,off,balance,.,@@NULL@@
Boat,voyages,and,big,game,fishing,.,@@NULL@@
As,the,Globe,gets,sleazier,",",the,respectable,media,becomes,less,so,.,@@NULL@@
We,are,able,to,work,with,the,new,feature,on,our,own,.,@@NULL@@
Rome,never,ceased,to,be,a,republic,",",and,did,not,become,an,empire,.,@@NULL@@
I,sat,down,on,the,table,and,started,laughing,out,loudly,.,@@NULL@@
Sick,and,elderly,people,travel,here,from,all,over,the,country,",",and,even,from,other,countries,.,@@NULL@@
They,receive,more,tax,benefits,then,anyone,else,.,@@NULL@@
There,were,a,hundred,times,as,many,of,the,Sultan,'s,armies,than,Byzantines,.,@@NULL@@
Though,the,Marshall,Plan,was,designed,to,help,other,countries,",",it,failed,to,fulfill,its,purpose,with,the,Communists,.,@@NULL@@
I,am,not,certain,.,@@NULL@@
The,New,York,Times,neglected,to,cover,the,Fa,Lun,Gong,story,in,their,papers,.,@@NULL@@
The,person,asked,if,the,woman,came,to,the,other,person,.,@@NULL@@
A,majority,of,pagers,in,the,United,States,were,disrupted,by,a,satellite,malfunction,.,@@NULL@@
The,island,was,settled,on,very,recently,.,@@NULL@@
The,man,was,on,the,ground,.,@@NULL@@
He,has,definitely,heard,of,it,.,@@NULL@@
Control,activities,happen,everywhere,in,the,entity,.,@@NULL@@
She,liked,her,restaurant,a,lot,.,@@NULL@@
We,should,think,less,about,our,future,and,more,about,what,we,'re,investing,in,today,.,@@NULL@@
He,believed,Mademoiselle,Cynthia,innocent,and,you,were,aware,?,@@NULL@@
Something,broke,inside,her,",",both,in,her,heart,and,her,head,@@NULL@@
A,few,major,federal,audit,entities,use,the,GAO,system,.,@@NULL@@
A,triumphal,arch,is,present,at,Saint,-,Th√©gonnec,.,@@NULL@@
He,asked,if,he,read,Stephen,King,.,@@NULL@@
Monsieur,Poirot,is,a,long,time,enemy,of,mine,;,I,hate,her,.,@@NULL@@
People,accused,Rao,officials,of,corruption,",",which,led,to,a,comeback,.,@@NULL@@
My,disdain,for,pigeons,is,well,warranted,.,@@NULL@@
I,know,exactly,.,@@NULL@@
Wallace,was,reelected,as,governor,.,@@NULL@@
These,measurements,are,for,the,Taj,Mahal,.,@@NULL@@
The,differing,assumptions,of,the,analyses,resulted,in,different,estimate,than,noted,.,@@NULL@@
The,experiments,proved,that,it,was,no,different,that,random,chance,.,@@NULL@@
The,festival,showcases,exhibitions,from,all,seven,continents,.,@@NULL@@
I,used,to,be,great,at,remembering,this,type,of,thing,",",but,now,I,do,n't,.,@@NULL@@
It,is,right,in,front,of,you,.,@@NULL@@
Poirot,responded,to,them,categorically,",",like,a,machine,.,@@NULL@@
The,Fray,is,known,as,friendly,and,gentle,.,@@NULL@@
These,product,photographs,show,off,the,beauty,of,our,craftsmanship,.,@@NULL@@
He,talked,to,Tommy,.,@@NULL@@
No,",",they,would,n't,go,there,.,@@NULL@@
The,Mad,Torrent,comes,before,Gladstone,'s,Rock,.,@@NULL@@
France,was,ruled,by,Napoleon,'s,nephew,after,they,won,a,revolution,in,1848,.,@@NULL@@
Communists,assisted,America,'s,government,during,the,Cold,War,.,@@NULL@@
You,can,get,to,Old,Cairo,by,taking,the,Nile,River,Bus,.,@@NULL@@
The,warriors,recuperated,",",after,their,savage,battles,",",at,a,Zen,monastery,rock,garden,.,@@NULL@@
Sometimes,we,throw,the,newspaper,away,without,reading,it,.,@@NULL@@
They,think,football,is,meaningless,.,@@NULL@@
I,have,never,seen,a,Federal,Express,commercial,.,@@NULL@@
I,most,likely,need,to,use,a,splint,brace,.,@@NULL@@
He,donates,all,of,the,material,.,@@NULL@@
The,General,Fund,handles,nonexchange,revenue,.,@@NULL@@
I,thought,about,it,long,and,hard,.,@@NULL@@
The,park,used,to,be,named,after,Corbett,.,@@NULL@@
I,',m,not,sure,if,I,got,to,vote,in,the,last,local,one,.,@@NULL@@
They,have,put,in,a,lot,of,time,and,effort,.,@@NULL@@
Liberal,democracy,fits,us,well,because,we,are,political,figures,.,@@NULL@@
A,long,time,ago,there,were,two,worlds,called,Thar,and,Erath,.,@@NULL@@
Instead,of,looking,into,the,self,image,of,the,tobacco,industry,",",look,at,the,entertainment,industry,.,@@NULL@@
The,avenue,goes,towards,the,Divan,Tower,and,the,Grand,Vezir,'s,Office,.,@@NULL@@
Without,World,War,1,",",Malaya,would,be,a,poorer,country,.,@@NULL@@
Would,you,sit,back,and,watch,the,world,burn,?,@@NULL@@
I,',m,sure,Miss,Howard,is,lying,to,us,.,@@NULL@@
A,man,tried,to,enter,the,house,so,that,he,could,rob,it,.,@@NULL@@
I,am,surprised,that,not,many,of,them,are,in,politics,down,here,.,@@NULL@@
The,bulk,of,footfall,in,Universal,City,'s,retail,areas,belongs,to,locals,",",who,are,well,looked,-,after,by,the,farmer,'s,markets,",",hairdressers,",",and,other,services,there,.,@@NULL@@
Look,here,",",you,have,been,throwing,a,volley,of,questions,my,way,.,@@NULL@@
It,is,thought,that,the,Holy,family,took,refuge,here,",",after,having,returned,from,Egypt,.,@@NULL@@
The,charming,hillside,village,of,Saint,-,Claude,has,many,upper,-,income,homes,.,@@NULL@@
Were,you,awake,?,@@NULL@@
Book,your,activities,through,Red,Sea,Sports,.,@@NULL@@
How,will,you,contact,the,bakery,shop,owner,?,@@NULL@@
I,believe,you,are,referring,to,retirement,.,@@NULL@@
Even,should,auditors,choose,not,to,comply,with,such,standards,",",they,are,a,helpful,tool,in,guiding,GAGAS,work,.,@@NULL@@
Bork,looked,up,",",waiting,for,something,.,@@NULL@@
The,precise,number,of,deletions,was,71,.,@@NULL@@
The,overseer,'s,hands,grabbed,Hanson,by,the,shoulders,.,@@NULL@@
These,deviations,mostly,involve,failure,to,apply,software,updates,in,a,timely,manner,.,@@NULL@@
There,is,nothing,special,to,see,in,the,village,of,Moria,.,@@NULL@@
Congress,has,better,judgement,than,Agency,rulemakings,.,@@NULL@@
Tommy,Hilfiger,",",Donna,Karan,",",and,the,Gap,produce,popular,sportswear,.,@@NULL@@
Buffalo,is,showing,some,real,promise,for,the,next,few,years,",",I,think,they,are,an,up,and,coming,team,.,@@NULL@@
I,said,no,to,him,several,time,",",utterly,surprised,by,the,change,of,events,.,@@NULL@@
The,interim,rule,went,through,some,review,.,@@NULL@@
North,Carolina,is,a,county,@@NULL@@
The,strike,price,could,be,$,98,.,@@NULL@@
The,colds,are,directly,related,to,the,temperature,change,.,@@NULL@@
They,waived,their,hands,to,get,more,attention,.,@@NULL@@
Carmel,Man,is,still,relatively,well,-,preserved,today,",",which,is,how,we,were,able,to,estimate,his,age,.,@@NULL@@
i,never,put,mine,in,the,windows,@@NULL@@
The,AICPA,failed,to,act,and,we,were,forced,to,intervene,.,@@NULL@@
We,felt,it,was,definitely,going,to,happen,.,@@NULL@@
Should,I,not,go,to,the,police,?,@@NULL@@
Doctor,Bauerstein,@@NULL@@
The,sun,is,usually,intense,there,",",causing,sunburn,easily,.,@@NULL@@
It,'s,a,hilarious,story,.,@@NULL@@
There,is,only,one,large,village,in,the,countryside,.,@@NULL@@
There,is,increasing,evidence,that,the,board,brought,in,experts,to,evaluate,Tripp,prior,to,making,an,offer,.,@@NULL@@
Air,conditioning,is,the,primary,reason,for,the,demise,of,outdoor,gathering,.,@@NULL@@
Moderate,scenario,takes,50,%,@@NULL@@
Critics,think,that,the,sensibility,took,away,from,the,film,.,@@NULL@@
Nobody,expects,that,the,devil,would,take,the,form,of,a,lawyer,.,@@NULL@@
The,new,version,of,the,rule,closed,certain,loopholes,.,@@NULL@@
The,Irish,oak,from,the,park,does,not,need,to,be,held,together,with,nails,",",it,has,natural,adhesive,abilities,.,@@NULL@@
Indeed,",",they,said,.,@@NULL@@
It,'s,my,turn,to,change,things,for,myself,.,@@NULL@@
They,had,trouble,believing,the,setting,was,based,on,a,real,place,.,@@NULL@@
The,case,study,would,be,incomplete,without,the,acknowledgement,of,general,economic,trends,.,@@NULL@@
Turin,was,possible,due,to,new,centralized,control,and,collection,of,taxes,.,@@NULL@@
There,are,large,empty,rooms,past,the,entry,.,@@NULL@@
Dave,was,paying,the,speaker,lots,of,attention,.,@@NULL@@
Sabbath,is,closed,",",but,until,next,year,.,@@NULL@@
I,',m,looking,at,IBM,right,now,but,I,',ve,looked,at,tons,of,other,things,.,@@NULL@@
I,guess,I,',m,going,since,my,sister,is,.,@@NULL@@
Many,charities,are,spend,their,money,very,unwisely,.,@@NULL@@
He,has,begun,working,on,construing,the,things,as,support,for,supply,-,side,economics,.,@@NULL@@
You,'re,the,Desert,Ghost,from,the,sand,dunes,.,@@NULL@@
De,Wit,used,fictional,monarchs,to,produce,his,portraits,.,@@NULL@@
Because,the,policy,was,a,success,",",I,was,able,to,make,a,contribution,to,my,people,.,@@NULL@@
Agencies,have,been,further,restricted,and,given,less,choice,in,selecting,contracting,methods,.,@@NULL@@
Some,of,the,allegations,might,be,true,.,@@NULL@@
Art,Cooper,lost,his,job,as,GQ,editor,shortly,after,.,@@NULL@@
Blankley,replies,",",there,are,no,fundraisers,in,other,parts,of,the,country,to,raise,`,`,the,conservatives,are,coming,'',.,@@NULL@@
We,do,not,have,to,go,to,anymore,counseling,because,they,say,everything,is,positive,.,@@NULL@@
Jon,was,wondering,if,Gauve,'s,uncle,trusted,him,.,@@NULL@@
Reich,refers,to,a,chart,that,he,misunderstood,and,said,it,said,something,different,.,@@NULL@@
The,only,thing,they,had,that,was,plentiful,was,people,.,@@NULL@@
Shall,I,tell,you,how,your,soul,could,live,in,a,mandrake,root,?,@@NULL@@
Mr.,Erlenborn,attended,classes,in,at,least,four,different,universities,.,@@NULL@@
There,was,n't,much,of,an,alternative,despite,the,cries,of,the,preservationalists,.,@@NULL@@
I,receive,three,phone,calls,a,day,asking,about,the,report,.,@@NULL@@
It,was,nice,meeting,you,@@NULL@@
What,do,you,think,about,our,new,governor,being,a,female,?,@@NULL@@
The,Republican,theme,from,the,80,is,still,on,-,going,.,@@NULL@@
The,islands,are,exposed,to,winter,only,during,the,winter,.,@@NULL@@
In,August,2001,",",there,was,personal,communication,between,P.,Croteau,and,Babcock,Borsig,Power,about,technology,contracts,for,the,coming,year,.,@@NULL@@
We,spent,a,lot,of,time,in,Douglas,",",Arizona,during,our,trip,.,@@NULL@@
The,newer,part,of,town,has,a,wider,selection,.,@@NULL@@
IQ,boosting,can,not,be,done,through,fetal,replacement,.,@@NULL@@
Some,people,take,the,anti,-,abortion,position,very,seriously,.,@@NULL@@
The,remains,have,been,preserved,as,a,site,for,pilgrims,to,visit,.,@@NULL@@
My,PC,is,never,used,to,emulate,anything,.,@@NULL@@
There,are,many,ancient,historical,sites,on,Mykonos,.,@@NULL@@
What,is,the,place,of,art,?,Asked,the,teacher,.,@@NULL@@
The,fund,account,has,five,different,tiers,.,@@NULL@@
She,gave,the,girl,clothes,",",gifts,and,pony,rides,.,That,'s,hard,to,compete,with,.,@@NULL@@
In,1996,",",the,Commission,published,its,Final,Regulatory,Flexibility,Analysis,.,@@NULL@@
A,sun,umbrella,might,help,those,who,really,need,shade,everywhere,.,@@NULL@@
Savonarola,was,branded,a,heretic,and,burned,at,the,stake,.,@@NULL@@
The,path,leads,to,an,amphitheater,that,was,influenced,by,Romans,.,@@NULL@@
It,has,to,be,made,illegal,.,@@NULL@@
She,was,an,old,lady,who,was,out,for,a,walk,when,she,heard,a,noise,.,@@NULL@@
From,Intifada,until,now,.,@@NULL@@
It,has,been,winter,here,for,years,.,@@NULL@@
There,are,rotting,things,.,@@NULL@@
The,place,is,definitely,worth,visiting,",",especially,for,its,theater,.,@@NULL@@
A,book,was,not,written,about,Tommy,O'Connor,.,@@NULL@@
He,goes,out,into,the,woods,.,@@NULL@@
You,would,n't,joke,about,poisoning,someone,if,you,knew,how,easy,it,was,to,do,by,mistake,.,@@NULL@@
Along,side,the,road,leading,to,the,entrance,",",you,will,pass,fields,of,tomatoes,.,@@NULL@@
That,fits,in,my,schedule,.,@@NULL@@
I,',m,envious,because,it,should,be,mine,.,@@NULL@@
The,tunnel,remained,intact,.,@@NULL@@
Justice,Kennedy,does,n't,think,the,Supreme,Court,Reporters,from,1790,to,1998,are,important,.,@@NULL@@
A,federal,employment,training,program,can,report,how,many,of,its,participants,got,jobs,within,three,months,.,@@NULL@@
The,household,definition,can,be,simplified,.,@@NULL@@
We,are,completely,unconcerned,about,emissions,.,@@NULL@@
Local,legend,makes,the,claim,that,he,did,n't,write,any,of,his,great,saga,in,the,Camees,Grotto,.,@@NULL@@
Star,Wars,can,be,seen,in,theaters,.,@@NULL@@
I,had,many,many,fans,during,my,Crossfire,days,.,@@NULL@@
Infants,are,allowed,to,feed,at,night,during,their,first,months,.,@@NULL@@
That,'s,something,that,'s,believable,.,@@NULL@@
They,do,not,get,along,.,@@NULL@@
The,accounting,model,needs,to,be,updated,in,addition,to,the,assurance,model,.,@@NULL@@
This,question,was,very,easy,to,answer,.,@@NULL@@
"1,634",associates,gave,money,to,Legal,Aid,through,their,site,.,@@NULL@@
Erm,",",we,have,acquired,a,small,Atari,computer,.,@@NULL@@
Stark,was,happy,that,San,`,doro,was,dying,.,@@NULL@@
I,',ve,noticed,that,since,I,',ve,moved,down,to,Texas,",",one,does,n't,need,to,have,a,wide,variety,of,seasonal,clothes,.,@@NULL@@
The,lure,of,alcohol,was,unrelenting,and,the,bar,pulled,me,in,.,@@NULL@@
The,manual,has,increased,the,utilization,of,poverty,law,services,.,@@NULL@@
He,winced,and,apologized,for,any,confusing,speech,",",sometimes,.,@@NULL@@
The,Ile,Saint,-,Louis,is,popular,with,the,wealthier,citizens,of,Paris,.,@@NULL@@
In,Exhibit,3,there,are,the,total,national,emissions,od,NOx,and,SO2,from,all,sectors,.,@@NULL@@
I,was,scared,and,wanted,to,go,home,.,@@NULL@@
Bertrand,de,Montluc,arrived,at,the,island,with,a,great,force,of,men,.,@@NULL@@
Edinburgh,was,a,focal,point,in,the,intellectual,debate,despite,losing,its,status,as,a,political,capital,when,the,United,Kingdom,was,established,.,@@NULL@@
By,morning,",",they,would,burn,to,the,ground,.,@@NULL@@
They,were,inferior,because,they,lacked,knowledge,.,@@NULL@@
CAS,is,a,test,that,qualifies,new,recruits,.,@@NULL@@
Personal,saving,is,how,much,disposable,personal,income,is,left,over,after,personal,spending,and,is,typically,about,5,%,.,@@NULL@@
Congress,received,no,letter,from,the,Vice,President,on,the,topic,of,GAO,'s,study,.,@@NULL@@
The,chair,was,tall,and,made,of,wood,.,@@NULL@@
When,I,did,it,for,four,nights,I,did,n't,have,heartburn,.,@@NULL@@
References,used,in,this,instance,include,Gale,/,Sabelhaus,",",Perspectives,on,the,Household,Saving,Rate,",",which,is,available,for,review,.,@@NULL@@
According,to,her,",",they,lose,their,minds,.,@@NULL@@
Sometimes,they,have,dressing,but,they,use,too,much,sage,.,@@NULL@@
The,lack,of,interest,relegated,Malaya,'s,rubber,production,to,being,a,novelty,.,@@NULL@@
All,testing,related,to,data,reliability,will,be,included,.,@@NULL@@
I,used,to,get,upset,about,it,",",but,not,anymore,.,@@NULL@@
The,only,explanation,is,that,nothing,has,taken,control,of,medicine,.,@@NULL@@
Guru,Tengh,Bahadur,died,without,an,heir,.,@@NULL@@
During,Crossfire,",",even,Sam,Donaldson,patronized,me,.,@@NULL@@
There,are,15,key,reasons,for,the,teen,renaissance,we,are,seeing,.,@@NULL@@
This,was,unusual,for,the,world,.,@@NULL@@
Prices,on,the,menu,include,taxes,",",but,customers,decide,whether,or,not,to,tip,.,@@NULL@@
The,fact,that,Styles,was,at,Bauerstein,changes,everything,.,@@NULL@@
We,',ve,never,had,a,visit,from,someone,from,the,government,.,@@NULL@@
Interpreters,wo,n't,be,distributed,by,the,APALRC,company,.,@@NULL@@
My,husband,is,originally,from,Texas,",",and,is,used,to,not,having,a,wide,variety,of,seasonal,clothes,.,@@NULL@@
He,does,not,know,what,it,is,.,@@NULL@@
Democrats,are,replacing,many,Republicans,because,they,were,always,very,forceful,in,their,approach,.,@@NULL@@
Harvelle,'s,Blues,Club,in,Santa,Monica,is,a,terrible,spot,for,blues,shows,.,@@NULL@@
Inflation,is,meant,to,be,something,that,harms,",",not,something,that,heals,.,@@NULL@@
That,is,n't,the,World,League,@@NULL@@
The,production,of,entertainment,films,can,be,dull,.,@@NULL@@
This,is,not,a,game,of,luck,",",but,one,of,pure,skill,.,@@NULL@@
In,Lewisville,it,is,up,around,ten,or,so,.,@@NULL@@
MC2000,-,2,was,not,recommended,by,the,Commission,.,@@NULL@@
The,country,is,in,unrest,.,@@NULL@@
Scotland,was,far,greater,than,an,English,county,.,@@NULL@@
"41,634",associates,gave,money,to,Legal,Aid,through,their,site,.,@@NULL@@
There,is,not,role,reversal,going,on,right,now,in,relation,to,democracy,.,@@NULL@@
Having,Two,sons,in,public,puts,strains,on,our,family,'s,privacy,.,@@NULL@@
My,choice,of,dishes,was,more,judicious,than,yours,.,@@NULL@@
Jamus,was,blinded,by,the,sandstorm,.,@@NULL@@
State,legislature,gives,significant,bipartisan,support,for,legal,delivery,.,@@NULL@@
The,pieces,paying,every,3,hours,.,@@NULL@@
I,may,move,to,New,Hampshire,.,@@NULL@@
There,are,things,that,are,more,dangerous,that,ultimate,fighting,.,@@NULL@@
Four,years,later,",",Clinton,understands,how,to,look,presidential,.,@@NULL@@
Communists,messed,with,American,democracy,during,the,Cold,War,.,@@NULL@@
The,cushion,will,likely,be,spent,in,under,two,years,.,@@NULL@@
Practice,17,is,to,check,for,intrusions,.,@@NULL@@
He,walked,away,from,Tommy,after,that,.,@@NULL@@
New,England,Republicans,were,weak,.,@@NULL@@
Located,in,Kent,",",within,the,Gatehouse,.,@@NULL@@
The,I-695,victory,was,the,result,of,a,botched,opposition,campaign,and,votes,willing,to,call,a,bluff,.,@@NULL@@
I,have,n't,put,that,together,yet,.,@@NULL@@
Boca,da,Corrida,Encumeada,is,a,moderate,text,that,takes,5,hours,to,complete,.,@@NULL@@
They,were,defeated,by,Saladin,",",a,Muslim,leader,",",and,lost,control,of,the,large,part,of,the,country,they,had,.,@@NULL@@
The,ancient,capital,has,some,of,the,most,stunning,architecture,of,the,entire,island,.,@@NULL@@
The,Postal,Service,would,like,to,see,the,rates,even,higher,than,that,.,@@NULL@@
They,will,tax,many,people,",",but,whom,?,@@NULL@@
Prior,to,becoming,a,Greek,trading,post,the,town,was,thought,to,have,been,a,Macedonian,fishing,village,.,@@NULL@@
The,metaphor,was,created,by,the,manipulator,.,@@NULL@@
HCFA,tried,to,keep,everyone,informed,about,the,rules,they,were,making,.,@@NULL@@
Businessmen,spend,more,time,in,Paris,and,its,immediate,surroundings,than,inventors,do,.,@@NULL@@
Youth,are,known,to,be,go,-,getters,.,@@NULL@@
They,drug,test,the,men,who,fix,power,lines,.,@@NULL@@
The,help,from,consultants,and,other,stakeholders,was,useful,in,doing,it,.,@@NULL@@
People,simply,prefer,to,be,comfortable,inside,rather,than,outdoors,in,the,sweltering,heat,.,@@NULL@@
He,died,of,starvation,after,being,left,in,the,desert,by,his,group,of,friends,.,@@NULL@@
Shit,",",that,is,bad,",",that,is,horrible,.,@@NULL@@
The,Alps,are,covered,in,snow,.,@@NULL@@
It,'s,my,turn,to,do,this,.,@@NULL@@
Support,for,affirmative,action,laws,has,declined,slightly,over,the,past,few,years,.,@@NULL@@
She,talked,to,Tommy,@@NULL@@
My,departure,was,n't,properly,planned,.,@@NULL@@
They,have,socialized,health,care,.,@@NULL@@
The,men,who,fix,the,power,lines,are,never,tested,.,@@NULL@@
Driving,is,difficult,because,it,takes,many,hours,.,@@NULL@@
My,orders,did,not,have,any,sexual,references,.,@@NULL@@
And,I,totally,agree,with,that,too,.,@@NULL@@
There,is,a,lot,of,domestic,abuse,in,Kentucky,.,@@NULL@@
I,experienced,something,similar,.,@@NULL@@
They,braid,their,hair,to,keep,it,out,of,the,way,during,combat,.,@@NULL@@
The,health,program,transformation,is,bad,.,@@NULL@@
It,is,only,the,start,!,@@NULL@@
He,is,capable,to,market,his,virtue,",",exploiting,his,legend,",",but,fans,are,starting,to,get,tired,of,it,.,@@NULL@@
I,will,take,care,of,that,right,away,Sir,.,@@NULL@@
Local,services,programs,only,turn,a,few,dozen,people,away,as,a,result,of,lacking,resources,.,@@NULL@@
The,outlook,on,violence,was,not,affected,by,The,Wild,Bunch,.,@@NULL@@
He,'d,been,stuck,for,hours,",",starting,to,feel,doubt,crawl,into,his,mind,.,@@NULL@@
The,people,were,wrong,.,@@NULL@@
It,looks,like,the,proportion,of,LC,to,AO,mail,is,less,for,inbound,mail,than,for,outbound,.,@@NULL@@
I,know,exactly,where,Dances,with,Wolves,was,filmed,.,@@NULL@@
It,does,n't,hold,many,people,.,@@NULL@@
The,pleasure,of,doing,is,much,stronger,than,that,of,not,doing,.,@@NULL@@
The,GAO,may,be,a,model,of,strategic,human,capital,management,.,@@NULL@@
the,right,agency,workers,",",help,fix,my,security,system,@@NULL@@
The,Allies,did,n't,care,about,peace,.,@@NULL@@
It,is,rare,for,GAO,to,do,something,as,a,professional,courtesy,.,@@NULL@@
It,is,suggested,the,feds,have,been,looking,for,an,accomplice,to,the,bombing,for,the,past,year,.,@@NULL@@
You,'ll,find,small,lepers,chopping,of,chunks,of,tuna,",",its,the,only,place,they,can,work,.,@@NULL@@
You,mean,we,were,so,near,it,constantly,?,@@NULL@@
The,week,is,the,first,in,the,month,.,@@NULL@@
Even,if,farmers,put,chemicals,in,the,ground,",",the,ground,eventually,filters,them,out,.,@@NULL@@
The,average,cost,was,lower,because,the,MLS,is,in,a,lower,league,than,the,NHL,and,NBA,.,@@NULL@@
Somebody,still,needs,to,stay,at,home,to,care,for,the,children,.,@@NULL@@
I,knew,the,man,.,@@NULL@@
About,15,years,ago,I,listened,to,Rap,one,time,",",I,am,not,really,that,fond,of,it,",",@@NULL@@
I,enjoy,biking,when,I,visit,my,daughter,.,@@NULL@@
There,were,going,to,be,problems,with,the,personal,pronoun,.,@@NULL@@
They,were,sad,to,see,the,costs,go,up,80,%,in,a,year,.,@@NULL@@
Pro,-,choices,say,the,close,-,up,images,are,unfair,to,women,.,@@NULL@@
We,have,comprehensive,global,reporting,standards,that,reflects,the,globalization,of,economies,",",and,markets,.,@@NULL@@
The,WRAP,States,may,unanimously,petition,the,Administrator,to,determine,that,the,total,emissions,of,affected,EGUs,are,reasonably,projected,to,not,exceed,"271,000",tons,.,@@NULL@@
A,martini,must,be,composed,by,gin,and,vermouth,.,@@NULL@@
Erath,is,the,only,world,that,has,ever,existed,.,@@NULL@@
Ca,`,daan,closed,the,door,as,they,entered,",",and,bound,it,shut,with,rope,.,@@NULL@@
You,do,n't,have,a,refrigerator,.,@@NULL@@
Stay,in,1993,.,@@NULL@@
Is,it,possible,there,would,be,a,decline,in,all,the,Postal,Service,volumes,?,@@NULL@@
The,money,saved,will,be,used,to,grow,the,company,internationally,over,the,next,5,years,.,@@NULL@@
Bailey,",",despite,his,several,years,of,commitment,to,the,award,",",was,never,chosen,once,.,@@NULL@@
I,was,surprised,to,hear,from,my,mom,that,she,had,gone,white,water,rafting,.,@@NULL@@
Of,all,the,resorts,in,the,old,Channel,",",Cabourge,is,by,far,the,most,impressive,and,stately,.,@@NULL@@
`,`,I,regularly,go,for,a,walk,or,a,jog,at,Washington,'s,.,'',@@NULL@@
He,has,no,idea,that,the,mines,exist,.,@@NULL@@
Some,locals,do,",",however,",",frequent,the,sports,shops,.,@@NULL@@
They,wanted,to,make,the,site,very,user,friendly,.,@@NULL@@
50,%,is,secured,@@NULL@@
Medicare,costs,are,projected,to,rise,.,@@NULL@@
The,story,will,be,told,tomorrow,.,@@NULL@@
There,are,women,in,Turkey,who,prefer,to,wear,the,scarf,.,@@NULL@@
The,cathedral,is,equally,as,impressive,during,the,light,of,day,.,@@NULL@@
There,are,no,major,rivers,in,China,.,@@NULL@@
The,group,was,too,downtrodden,to,engage,emotionally,.,@@NULL@@
It,'s,just,like,a,drug,hangover,but,worse,.,@@NULL@@
the,unit,shall,comply,with,the,requirements,of,subsection,a1,under,certain,conditions,.,@@NULL@@
The,voluntary,nature,of,risks,is,evaluated,.,@@NULL@@
The,consumption,of,fish,is,the,main,way,in,which,mercury,poisoning,occurs,.,@@NULL@@
I,do,n't,know,what,she,said,",",no,.,@@NULL@@
They,do,n't,ever,get,new,clothes,or,stuff,.,@@NULL@@
The,Imperial,Hall,houses,three,marble,fountains,.,@@NULL@@
There,is,an,Azalea,Festival,at,the,Nezu,Shrine,.,@@NULL@@
NBA,commissioner,has,given,the,same,quote,to,everybody,",",but,he,also,talked,about,other,things,.,@@NULL@@
A,man,like,me,can,only,succeed,.,@@NULL@@
Couples,with,children,are,constantly,looking,for,ways,to,make,more,money,.,@@NULL@@
He,was,not,able,to,ghost,.,@@NULL@@
Windows,95,is,a,bargain,.,@@NULL@@
He,raised,his,arm,to,protect,his,eyes,from,the,glare,.,@@NULL@@
There,'s,a,lot,of,huge,villas,all,the,way,along,",",but,they,seemed,to,get,more,and,more,thinned,out,and,bigger,and,bigger,until,we,reached,the,largest,and,most,secluded,one,that,seemed,to,be,the,last,.,@@NULL@@
Since,you,love,learning,new,things,",",would,you,like,to,visit,some,historic,places,",",museums,",",and,art,galleries,?,@@NULL@@
They,were,grateful,to,have,a,place,to,hold,their,meetings,.,@@NULL@@
I,was,dragged,through,the,door,of,the,pub,.,@@NULL@@
I,was,blind,.,@@NULL@@
Daniel,got,me,a,glass,of,Bud,Light,.,@@NULL@@
If,you,have,time,",",it,is,relaxing,.,@@NULL@@
They,lived,in,Jerusalem,but,would,make,pilgrimages,to,Galilee,.,@@NULL@@
I,have,never,been,able,to,trade,my,car,off,every,couple,of,years,.,@@NULL@@
The,regulations,were,created,over,the,course,of,more,than,two,hundred,years,.,@@NULL@@
The,NIT,semifinals,take,place,in,New,York,City,tonight,.,@@NULL@@
Some,firsts,are,able,to,perform,business,functions,at,different,costs,.,@@NULL@@
I,think,trains,are,quite,boring,.,@@NULL@@
She,is,very,tired,.,@@NULL@@
He,got,lost,in,circles,of,worry,",",and,could,not,face,his,problem,anymore,.,@@NULL@@
Republicans,do,not,thing,anyone,will,want,Reed,'s,talents,.,@@NULL@@
GTE,spent,a,lot,of,money,to,acquire,Tigon,.,@@NULL@@
She,thought,that,the,sleeping,draught,she,took,could,cause,no,harm,.,@@NULL@@
Sir,James,had,come,to,Manchester,with,the,intent,of,buying,a,new,carriage,.,@@NULL@@
No,",",Dave,Hanson,",",you,were,too,important,to,us,.,@@NULL@@
The,pundits,could,not,get,enough,of,them,.,@@NULL@@
It,has,nothing,to,do,with,education,.,@@NULL@@
The,rule,is,subject,to,change,.,@@NULL@@
Some,types,of,fish,are,easier,to,catch,in,my,boat,.,@@NULL@@
Linda,did,not,like,Monica,.,@@NULL@@
Over,six,hundred,means,nothing,at,all,.,@@NULL@@
Slot,machines,are,called,hungry,tigers,because,of,how,fast,they,take,a,gambler,'s,money,.,@@NULL@@
Now,we,have,the,governor,and,she,is,going,to,do,that,.,@@NULL@@
She,did,n't,respond,.,@@NULL@@
Penrith,and,Blencathra,are,the,names,of,Celtic,queens,.,@@NULL@@
These,sites,lead,to,George,W.,Bush,'s,website,.,@@NULL@@
We,will,not,be,leaving,until,tomorrow,.,@@NULL@@
You,wo,n't,need,to,pack,much,.,@@NULL@@
The,statue,was,erected,to,remind,the,populace,to,stay,obedient,to,their,masters,.,@@NULL@@
Gingrich,should,not,be,in,power,.,@@NULL@@
Miss,Tuppence,lived,there,",",so,she,knew,every,nook,and,cranny,.,@@NULL@@
Popular,incentives,are,trophies,presented,in,a,short,ceremony,.,@@NULL@@
Jerry,",",why,do,you,hate,sports,?,@@NULL@@
Legal,Services,of,New,Jersey,did,nothing,wrong,.,@@NULL@@
Everyone,loves,using,the,USPS,.,@@NULL@@
There,are,a,lot,of,lawyers,in,this,country,.,@@NULL@@
shareholders,can,pay,twice,for,the,sins,of,others,.,@@NULL@@
They,show,different,types,of,highland,dress,.,@@NULL@@
I,saw,it,.,@@NULL@@
Reed,'s,talents,will,be,begged,for,by,people,across,the,country,",",according,to,Republicans,.,@@NULL@@
Blue,Mountain,National,Park,and,the,John,Crow,National,Park,together,are,only,200,acres,.,@@NULL@@
Social,values,play,a,role,in,determining,the,content,of,the,DSM,.,@@NULL@@
Cheapo,car,care,is,a,complaint,angry,consumers,have,.,@@NULL@@
The,appraisers,liked,the,item,because,our,taxes,are,high,.,@@NULL@@
Everybody,does,it,;,it,'s,normal,.,@@NULL@@
He,looks,like,he,needs,two,days,of,sleep,.,@@NULL@@
Mardi,Gras,is,only,the,more,common,name,because,it,is,not,specifically,linked,to,religion,.,@@NULL@@
Opium,smoking,is,allowed,in,Hong,Kong,and,mainland,China,.,@@NULL@@
They,wanted,to,use,your,skills,",",so,they,brought,you,here,.,@@NULL@@
