A,person,in,a,black,and,green,outfit,is,riding,a,bicycle,.,@@NULL@@
A,person,rolls,down,a,hill,riding,a,wagon,as,another,watches,.,@@NULL@@
A,man,in,a,black,tank,top,wearing,a,red,plaid,hat,@@NULL@@
Families,with,strollers,waiting,in,front,of,a,carousel,.,@@NULL@@
A,person,with,dark,hair,in,a,white,shirt,is,sitting,in,a,chair,in,water,with,a,`,`,swim,at,your,own,risk,'',sign,on,the,wall,.,@@NULL@@
pedestrian,walking,on,the,street,@@NULL@@
A,man,on,a,bicycle,",",wearing,cycle,gear,",",riding,at,a,fast,past,down,paved,trail,surrounded,by,tree,'s,and,grass,.,@@NULL@@
A,man,in,a,bright,yellow,shirt,juggles,while,riding,a,unicycle,.,@@NULL@@
Some,cars,and,many,tents,are,set,up,at,the,foot,of,a,mountain,.,@@NULL@@
A,young,child,climbing,a,stack,of,logs,even,though,the,sign,warns,against,it,.,@@NULL@@
Two,men,help,each,other,cut,a,sheet,of,plastic,.,@@NULL@@
A,man,in,a,blue,jacket,holding,a,handsaw,sawing,a,pipe,on,top,of,a,wood,fence,.,@@NULL@@
Bubbles,surround,a,statue,in,the,middle,of,a,street,.,@@NULL@@
A,woman,holding,a,newborn,baby,.,@@NULL@@
An,olympian,leaps,over,an,obstacle,.,@@NULL@@
A,boy,in,blue,shorts,and,a,t,-,shirt,is,poised,to,hit,a,tennis,ball,with,a,racket,.,@@NULL@@
A,man,cooking,over,high,flames,.,@@NULL@@
A,historic,-,looking,building,.,@@NULL@@
Two,men,roasting,marshmallows,in,a,fire,pit,.,@@NULL@@
A,man,painting,a,sign,onto,his,food,cart,.,@@NULL@@
A,young,boy,is,playing,in,the,sandy,water,.,@@NULL@@
Man,with,an,orange,bandanna,is,playing,the,flute,.,@@NULL@@
Two,men,in,hard,hats,look,at,a,building,while,on,the,side,of,a,street,.,@@NULL@@
A,woman,",",in,red,and,white,",",and,wearing,glasses,",",sits,in,a,room,with,other,people,.,@@NULL@@
Two,college,football,players,battle,it,out,outdoors,on,the,field,during,game,day,",",where,one,is,the,quarterback,trying,to,throw,the,ball,",",and,the,other,player,is,in,action,about,to,sack,the,quarterback,.,@@NULL@@
a,matador,in,white,and,gold,clothing,and,pink,sock,is,getting,hit,by,a,raging,bull,@@NULL@@
A,black,and,brown,dog,is,playing,with,a,brown,and,white,dog,.,@@NULL@@
Two,men,on,opposing,teams,are,playing,soccer,in,a,field,.,@@NULL@@
People,in,chairs,around,a,table,@@NULL@@
A,mother,holds,her,newborn,baby,.,@@NULL@@
Two,people,crossing,by,each,other,while,kite,surfing,.,@@NULL@@
The,gentlemen,with,the,red,plaid,shirt,and,black,pants,is,speaking,to,a,young,lady,holding,a,blue,folder,.,@@NULL@@
A,man,in,a,white,shirt,taking,a,picture,.,@@NULL@@
A,group,of,people,sitting,around,tables,with,computer,monitors,on,them,paying,attention,to,something,on,the,left,.,@@NULL@@
Three,people,are,standing,on,a,lit,stage,while,groups,of,people,sitting,at,tables,face,them,.,@@NULL@@
A,child,hugs,a,birdhouse,.,@@NULL@@
Two,people,talking,on,a,dock,.,@@NULL@@
A,man,talks,to,two,guards,as,he,holds,a,drink,.,@@NULL@@
a,young,woman,siting,on,a,park,bench,in,the,sun,.,@@NULL@@
A,woman,in,a,bathing,suit,is,sitting,on,a,dock,over,a,body,of,water,.,@@NULL@@
A,choir,of,youths,are,singing,.,@@NULL@@
A,Young,girl,wearing,a,blue,ski,cap,and,red,and,gray,two,tone,jacket,stands,between,two,bits,of,ice,.,@@NULL@@
A,woman,within,an,orchestra,is,playing,a,violin,.,@@NULL@@
Elderly,woman,climbing,up,the,stairs,.,@@NULL@@
A,crowd,of,people,are,packed,into,a,subway,car,.,@@NULL@@
This,church,choir,sings,to,the,masses,as,they,sing,joyous,songs,from,the,book,at,a,church,.,@@NULL@@
Man,and,women,standing,under,a,red,umbrella,.,@@NULL@@
A,little,girl,in,a,colorful,shirt,holding,a,flower,.,@@NULL@@
A,Ford,car,is,making,a,right,turn,as,3,males,are,walking,across,the,street,behind,the,car,.,@@NULL@@
An,Indian,woman,stands,in,an,outdoor,marketplace,.,@@NULL@@
Two,men,riding,a,boat,in,clear,water,on,a,sunny,day,.,@@NULL@@
A,man,is,hanging,sausages,in,a,market,.,@@NULL@@
A,person,waterskiing,in,a,river,with,a,large,wall,in,the,background,.,@@NULL@@
Beautiful,girl,in,white,dress,steps,into,the,sunlight,.,@@NULL@@
A,black,and,white,dog,jumps,for,a,tennis,ball,.,@@NULL@@
A,child,and,a,parent,or,older,sibling,going,for,a,hike,.,@@NULL@@
A,crowd,in,which,two,men,are,wearing,Santa,Claus,Hats,are,celebrating,Christmas,outside,of,a,Bank,of,America,and,a,Christmas,tree,.,@@NULL@@
Boys,with,their,backs,against,an,incoming,wave,.,@@NULL@@
A,young,boy,in,green,is,practicing,kicking,.,@@NULL@@
A,man,in,a,black,tank,top,wearing,a,red,plaid,hat,@@NULL@@
A,person,doing,a,trick,on,a,snowboard,.,@@NULL@@
A,man,shows,off,his,spider,-,web,face,paint,.,@@NULL@@
A,happy,woman,quite,stands,in,front,of,a,business,that,displays,a,closed,sign,and,looks,very,animated,.,@@NULL@@
A,man,wearing,a,white,shirt,and,a,blue,jeans,reading,a,newspaper,while,standing,@@NULL@@
The,people,await,to,cross,the,street,while,walking,the,dog,.,@@NULL@@
Three,people,are,sitting,at,a,small,table,near,a,screen,with,the,words,",",`,`,DEMOS,",",The,Business,of,Care,.,'',@@NULL@@
A,young,boy,swings,a,hula,hoop,while,other,children,sit,on,the,floor,with,their,hoops,.,@@NULL@@
A,game,of,rugby,in,which,2,players,are,attempting,to,stop,there,opponent,from,catching,a,ball,in,midair,.,@@NULL@@
A,barefoot,man,in,an,orange,shirt,",",shorts,",",and,a,baseball,cap,is,sitting,on,the,open,tailgate,of,a,silver,pickup,truck,.,@@NULL@@
Boy,in,midair,on,bicycle,@@NULL@@
Children,are,playing,in,the,street,with,a,toy,.,@@NULL@@
A,group,of,women,playing,volleyball,indoors,.,@@NULL@@
people,sitting,on,stools,looking,outside,.,@@NULL@@
An,older,man,holding,a,sign,for,tattoos,soliciting,business,on,the,street,.,@@NULL@@
A,father,and,his,daughter,are,riding,a,lawn,mover,down,a,street,while,dressed,in,American,colors,.,@@NULL@@
A,man,looking,out,of,his,window,.,@@NULL@@
There,is,a,Victorian,style,building,in,the,background,",",and,in,the,foreground,is,a,lake,where,a,tiny,paddle,boat,sits,with,three,people,in,it,.,@@NULL@@
A,man,is,sitting,on,the,floor,",",sleeping,.,@@NULL@@
An,Ambulance,is,passing,a,man,wearing,a,bandanna,and,girl,.,@@NULL@@
Two,men,are,standing,in,a,boat,.,@@NULL@@
A,black,man,wearing,a,red,belt,and,a,white,man,wearing,a,blue,belt,are,pictured,in,the,act,of,practicing,martial,arts,inside,a,building,with,a,woman,looking,on,in,the,background,.,@@NULL@@
The,gentleman,is,speaking,while,the,others,are,listening,.,@@NULL@@
The,football,player,prepares,to,kick,the,ball,.,@@NULL@@
Men,wearing,blue,uniforms,sit,on,a,bus,.,@@NULL@@
a,girl,wearing,pink,pulls,weeds,.,@@NULL@@
Man,is,shaving,in,the,mirror,.,@@NULL@@
A,team,of,surgeons,operate,on,a,female,patient,.,@@NULL@@
Here,is,a,picture,of,people,getting,drunk,at,a,house,party,.,@@NULL@@
A,baby,with,a,green,bottom,and,red,top,lying,in,bed,with,a,brown,and,white,cat,and,also,a,black,and,white,cat,.,@@NULL@@
A,wet,dog,shaking,off,excess,water,in,a,field,.,@@NULL@@
A,woman,in,a,gray,sweatshirt,is,sitting,on,the,floor,with,her,small,dog,that,is,wrapped,in,a,blanket,.,@@NULL@@
A,blond,woman,speaks,with,a,group,of,young,dark,-,haired,female,students,carrying,pieces,of,paper,.,@@NULL@@
Two,men,are,playing,during,a,basketball,game,.,@@NULL@@
A,man,playing,fetch,with,two,brown,dogs,.,@@NULL@@
a,woman,walking,down,the,street,.,@@NULL@@
A,group,of,young,adults,wait,in,line,outdoors,in,the,daytime,.,@@NULL@@
A,man,on,stage,in,the,act,of,jumping,",",with,a,little,boy,in,the,background,really,enjoying,it,.,@@NULL@@
A,snowboarder,making,a,big,jump,doing,a,trick,on,a,high,mountain,.,@@NULL@@
An,older,man,in,a,light,green,shirt,and,dark,green,pants,holds,the,hand,of,an,older,woman,as,they,pass,an,outside,eatery,with,teal,umbrellas,.,@@NULL@@
A,man,grilling,a,hamburger,.,@@NULL@@
A,woman,plays,guitar,for,tips,.,@@NULL@@
A,tattooed,man,posing,with,a,woman,carrying,a,yellow,handbag,.,@@NULL@@
A,person,dressed,in,a,jacket,and,long,pants,walks,down,a,snow,-,covered,street,in,a,small,town,.,@@NULL@@
Four,children,are,wearing,blue,hats,with,colored,streamers,.,@@NULL@@
A,man,in,a,one,piece,tunic,is,riding,a,bike,in,front,of,a,sandstone,wall,while,touching,his,nose,.,@@NULL@@
A,girl,with,a,blue,shirt,and,a,girl,with,a,striped,shirt,stand,next,to,a,girl,with,a,green,shirt,sitting,in,a,chair,.,@@NULL@@
Two,girls,playing,basketball,.,@@NULL@@
Two,girls,are,kneeling,on,the,ground,.,@@NULL@@
A,woman,with,a,cart,of,eggs,walks,in,a,market,.,@@NULL@@
Two,performers,",",one,man,playing,a,guitar,",",and,one,woman,with,a,mic,raised,to,her,mouth,are,sitting,on,chairs,performing,.,@@NULL@@
two,boys,reading,superhero,books,@@NULL@@
A,tractor,decorated,as,a,float,for,a,parade,@@NULL@@
A,middle,-,aged,man,in,a,collard,shirt,is,raising,his,forearms,next,to,his,face,.,@@NULL@@
A,girl,wearing,khakis,and,a,red,sweatshirt,is,jumping,in,the,air,",",while,she,is,in,the,forest,.,@@NULL@@
A,man,in,a,red,shirt,and,blue,jeans,is,standing,in,front,of,a,wall,with,other,people,'s,shadows,in,front,of,him,on,the,pavement,.,@@NULL@@
A,group,of,young,adults,with,`,`,X,'',on,their,hands,",",smiling,.,@@NULL@@
A,photo,of,a,woman,in,a,black,coat,standing,in,front,of,a,large,two,-,paneled,photo,depicting,a,woman,in,a,gray,dress,looking,down,with,her,hand,in,a,bag,.,@@NULL@@
man,doing,carpentry,or,construction,on,top,of,an,unfinished,building,.,@@NULL@@
A,boy,dressed,in,a,dark,shirt,carries,a,blue,bag,over,his,shoulder,and,a,green,pail,.,@@NULL@@
A,boy,is,running,in,a,spinning,metal,tunnel,in,the,playground,.,@@NULL@@
Guy,in,uniform,standing,on,the,side,of,a,boat,moving,through,the,water,.,@@NULL@@
Older,man,wearing,dark,blue,clothing,sweeping,the,ground,and,a,person,wearing,a,red,coat,and,carrying,a,green,bag,entering,the,building,.,@@NULL@@
A,young,barefoot,girl,wearing,a,helmet,walks,down,a,mossy,covered,fallen,down,tree,.,@@NULL@@
A,dog,and,a,cow,play,together,inside,the,fence,.,@@NULL@@
The,baseball,players,near,the,pitching,mound,are,celebrating,as,the,batsman,walks,away,.,@@NULL@@
A,woman,outside,in,the,snow,holds,a,container,that,produces,steam,.,@@NULL@@
A,man,is,sitting,at,a,restaurant,table,outdoors,.,@@NULL@@
Indian,men,selling,food,items,on,the,sidewalk,@@NULL@@
A,worker,is,doing,a,job,on,scaffolding,.,@@NULL@@
An,Indian,woman,is,dancing,with,her,partner,.,@@NULL@@
Person,walking,down,lighted,tunnel,with,green,handrail,.,@@NULL@@
A,family,with,young,children,sits,down,outside,.,@@NULL@@
Six,people,appearing,to,be,planting,something,in,the,ground,.,@@NULL@@
a,woman,and,a,child,both,wearing,red,outfits,walking,up,a,street,@@NULL@@
A,man,in,a,blue,jacket,leans,on,a,post,and,talks,on,the,phone,while,an,old,man,carries,yellow,bags,.,@@NULL@@
A,woman,and,a,young,girl,are,sitting,down,and,smiling,.,@@NULL@@
A,boy,in,blue,shorts,and,a,t,-,shirt,is,poised,to,hit,a,tennis,ball,with,a,racket,.,@@NULL@@
Adults,and,children,share,in,the,looking,at,something,",",and,some,young,ladies,stand,to,the,side,.,@@NULL@@
Businessman,walking,as,two,arrows,point,to,him,.,@@NULL@@
A,schoolgirl,is,jumping,over,a,low,hurdle,.,@@NULL@@
This,child,is,on,the,library,steps,.,@@NULL@@
A,gray,-,haired,man,rides,a,bike,in,front,of,a,bus,advertising,Ironman,.,@@NULL@@
Two,formally,dressed,",",bald,older,women,@@NULL@@
A,child,enjoying,themselves,on,a,yellow,slide,at,a,park,.,@@NULL@@
A,man,swings,his,tennis,racquet,as,the,tennis,ball,gets,closer,to,him,.,@@NULL@@
A,man,in,a,colorful,shirt,and,a,lady,in,a,white,blouse,sign,copies,of,books,for,people,.,@@NULL@@
A,person,flying,through,the,air,on,a,bicycle,.,@@NULL@@
A,man,in,a,red,shirt,and,blue,jeans,is,standing,in,front,of,a,wall,with,other,people,'s,shadows,in,front,of,him,on,the,pavement,.,@@NULL@@
There,are,many,people,in,a,large,room,with,a,lot,of,furniture,with,tags,on,them,.,@@NULL@@
A,passenger,wearing,a,life,jacket,prepares,to,take,a,picture,of,a,whale,very,close,to,the,boat,.,@@NULL@@
a,young,girl,looking,down,through,some,leaves,from,atop,a,tree,.,@@NULL@@
A,young,african,child,in,a,dirty,yellow,shirt,carrying,a,bag,on,his,head,.,@@NULL@@
A,man,is,doing,a,task,by,a,body,of,water,on,a,farm,.,@@NULL@@
A,street,performer,wearing,sunglasses,and,painted,in,bronze,colored,paint,is,acting,like,he,is,filming,with,an,old,-,fashioned,prop,film,camera,.,@@NULL@@
A,blond,woman,is,looking,at,a,camera,that,a,brunette,woman,is,holding,in,front,of,a,wall,with,several,pieces,of,art,on,it,.,@@NULL@@
Two,women,are,tending,to,their,herd,of,animals,including,cows,and,goats,near,a,building,made,primarily,of,stone,.,@@NULL@@
A,group,of,young,men,are,dumping,soil,onto,the,ground,of,their,backyard,.,@@NULL@@
A,woman,wearing,a,white,coat,skis,down,a,snowy,hill,.,@@NULL@@
A,young,white,girl,is,standing,on,the,street,in,front,of,a,storefront,",",dressed,up,in,red,with,a,hoop,decorated,with,card,symbols,.,@@NULL@@
A,man,looks,back,while,laughing,and,walking,.,@@NULL@@
The,girls,walk,down,the,street,.,@@NULL@@
Many,people,have,decided,to,take,a,rest,on,the,steps,.,@@NULL@@
A,man,leads,the,way,in,a,race,.,@@NULL@@
A,woman,fell,in,the,water,after,riding,a,wakeboard,.,@@NULL@@
Two,cars,are,being,driven,in,a,car,race,.,@@NULL@@
Man,wearing,blue,bowing,on,floor,in,front,of,another,man,in,blue,bowing,on,floor,with,two,other,men,wearing,blue,kneeling,on,same,floor,also,.,@@NULL@@
A,surfer,on,a,wave,.,@@NULL@@
A,group,of,people,are,sight,seeing,and,taking,pictures,.,@@NULL@@
Two,young,children,",",one,wearing,a,red,striped,shirt,",",are,looking,in,through,the,window,while,an,adult,in,a,pink,shirt,watches,from,behind,.,@@NULL@@
Three,children,and,adults,in,the,background,",",all,pretend,to,sleep,.,@@NULL@@
A,group,of,men,on,a,beach,are,chasing,another,man,who,is,carrying,a,ball,.,@@NULL@@
A,small,child,wearing,a,helmet,is,in,a,baby,carrier,that,is,on,the,floor,.,@@NULL@@
A,small,boy,wearing,a,blue,shirt,plays,in,the,kiddie,pool,.,@@NULL@@
A,group,of,three,people,and,one,dog,hike,up,a,green,mountainside,.,@@NULL@@
Three,girls,blow,out,the,candles,of,a,cake,made,of,Peeps,.,@@NULL@@
A,man,in,orange,and,a,man,in,a,light,blue,top,are,walking,down,the,street,towards,something,.,@@NULL@@
Three,men,dancing,as,a,group,of,people,watch,.,@@NULL@@
Taking,a,break,to,watch,some,TV,@@NULL@@
Man,and,a,woman,at,the,side,of,a,table,covered,in,books,.,@@NULL@@
A,girl,in,a,red,and,white,uniform,is,swinging,a,bat,.,@@NULL@@
A,man,is,sitting,in,the,green,chair,",",talking,on,the,phone,",",and,working,on,the,laptop,",",and,there,is,construction,site,next,to,his,building,.,@@NULL@@
Two,people,climbing,up,some,sort,of,wore,structure,.,@@NULL@@
Man,with,black,shirt,and,sunglasses,makes,something,out,of,a,balloon,.,@@NULL@@
A,dark,-,skinned,man,in,white,shirts,and,a,black,sleeveless,shirt,flips,his,skateboard,on,a,cement,surface,surrounded,by,tall,buildings,and,palm,trees,.,@@NULL@@
a,wet,golden,retriever,is,walking,through,a,lake,@@NULL@@
A,long,dark,-,haired,man,sitting,on,the,grass,with,a,guitar,in,his,lap,in,front,of,a,blue,sky,.,@@NULL@@
An,Asian,woman,is,standing,on,a,path,with,a,basket,on,her,head,looking,into,a,mirror,she,is,holding,in,her,hand,.,@@NULL@@
A,woman,rests,her,head,on,a,man,'s,shoulder,.,@@NULL@@
Two,dogs,are,looking,through,a,rusty,wire,fence,.,@@NULL@@
A,man,in,jeans,and,a,brown,shirt,jumps,high,in,the,air,in,a,living,room,that,has,a,fireplace,and,wooden,floor,.,@@NULL@@
Two,men,are,wrestling,;,one,has,the,maple,leaf,of,the,Canadian,flag,on,his,uniform,.,@@NULL@@
People,waiting,in,line,in,a,snowstorm,.,@@NULL@@
Two,distinguished,older,gentlemen,stand,outside,a,house,",",trees,in,background,",",both,with,white,hair,",",the,taller,man,having,his,arm,about,the,other,man,'s,shoulder,as,they,face,the,camera,from,behind,their,corrective,lenses,.,@@NULL@@
A,happy,woman,quite,stands,in,front,of,a,business,that,displays,a,closed,sign,and,looks,very,animated,.,@@NULL@@
A,woman,in,a,white,bridal,dress,and,ruby,red,shoes,",",carrying,a,white,umbrella,",",stands,atop,a,platform,while,handing,a,brochure,to,a,middle,-,aged,female,passerby,.,@@NULL@@
Male,wearing,brown,shorts,and,black,t,-,shirt,in,his,bedroom,with,his,feet,on,the,desk,talking,on,the,phone,.,@@NULL@@
Navy,men,stand,along,a,red,carpet,and,salute,as,their,superior,walks,by,.,@@NULL@@
Three,army,soldiers,are,holding,guns,and,peering,around,a,corner,of,a,building,.,@@NULL@@
A,tennis,player,in,blue,shorts,and,a,white,shirt,making,an,aggressive,backhand,swing,towards,the,tennis,ball,.,@@NULL@@
Dog,running,with,a,purple,toy,in,the,snowy,field,.,@@NULL@@
A,young,man,wearing,a,green,shirt,and,a,hat,attempts,a,trick,on,a,skateboard,while,riding,it,in,a,skate,park,next,to,a,beach,.,@@NULL@@
A,young,boy,learns,how,to,ride,a,horse,@@NULL@@
The,boy,in,pajama,pants,jumps,off,the,sofa,.,@@NULL@@
A,woman,wearing,a,striped,wrap,is,bent,over,in,a,cornfield,while,looking,at,the,camera,.,@@NULL@@
A,young,african,child,in,a,dirty,yellow,shirt,carrying,a,bag,on,his,head,.,@@NULL@@
Child,in,blue,polos,are,sitting,around,a,table,writing,on,their,notebooks,",",one,is,standing,up,.,@@NULL@@
A,shirtless,man,rock,climbs,.,@@NULL@@
A,boy,in,an,all,blue,uniform,kicks,a,blue,soccer,ball,in,a,grassy,area,.,@@NULL@@
A,little,girl,on,a,piece,of,playground,equipment,@@NULL@@
The,man,is,throwing,a,toy,to,a,brown,and,black,dog,in,the,park,.,@@NULL@@
Clowning,around,in,the,bathroom,",",toothpaste,makeup,!,@@NULL@@
A,basketball,player,in,white,in,red,goes,up,for,the,shot,as,two,defensive,men,in,red,jump,up,to,block,the,shot,.,@@NULL@@
A,woman,wearing,jeans,is,walking,down,the,street,.,@@NULL@@
A,man,dressed,in,black,and,white,is,standing,on,the,side,of,the,street,eating,an,ice,cream,cone,.,@@NULL@@
Young,boy,wearing,pajamas,lying,down,in,bed,and,sleeping,on,a,colorful,striped,pillow,.,@@NULL@@
Bespectacled,man,in,suit,opens,wallet,while,a,younger,lady,in,formal,wear,laughs,with,him,.,@@NULL@@
A,variety,of,people,are,sitting,around,a,tale,doing,craft,projects,.,@@NULL@@
A,blond,woman,in,a,black,shirt,is,standing,behind,a,counter,.,@@NULL@@
Man,on,bike,with,female,standing,on,rear,of,back,with,arms,around,his,neck,.,@@NULL@@
A,blue,light,rail,tram,goes,down,a,busy,street,while,pedestrians,wait,to,cross,.,@@NULL@@
A,man,in,a,white,shirt,and,baseball,hat,is,pushing,a,cart,carrying,several,bags,on,a,street,.,@@NULL@@
A,young,man,in,an,orange,hat,walks,his,bicycle,down,a,street,.,@@NULL@@
A,man,with,a,half,mask,over,his,face,is,holding,a,toy,helicopter,in,his,left,hand,and,a,controller,in,is,his,right,hand,.,@@NULL@@
A,group,of,people,traveling,in,a,small,wooden,boat,.,@@NULL@@
People,are,riding,their,bikes,down,a,road,.,@@NULL@@
A,boy,looks,out,the,window,at,another,boy,who,is,spraying,the,window,with,water,.,@@NULL@@
An,old,woman,in,a,white,hat,and,purple,and,blue,cloths,is,sitting,down,by,a,wooden,building,.,@@NULL@@
A,man,in,an,argyle,shirt,bends,down,to,look,at,the,goodies,through,the,glass,in,an,Asian,shop,.,@@NULL@@
Three,men,are,sitting,outside,on,chairs,with,red,seats,.,@@NULL@@
A,man,and,a,woman,are,lying,together,on,a,grassy,park,field,near,a,waterfront,.,@@NULL@@
A,BMX,rider,is,in,midair,while,on,a,dirt,trail,.,@@NULL@@
A,man,in,a,white,striped,shirt,and,blue,jeans,using,a,water,hose,to,spray,water,on,the,ground,of,concrete,ruins,.,Fo,.,@@NULL@@
A,young,gymnast,looks,back,at,the,audience,",",trying,to,catch,a,glimpse,of,her,proud,parents,before,starting,her,performance,.,@@NULL@@
A,man,playing,billiards,at,a,bar,.,@@NULL@@
A,man,and,a,boy,behind,the,wheel,of,a,car,.,@@NULL@@
A,man,wearing,dark,jeans,",",an,orange,shirt,",",and,an,orange,apron,is,next,to,a,bunch,of,plants,and,flowers,and,a,woman,with,a,blue,top,.,@@NULL@@
Asian,individuals,are,taking,pictures,of,some,unidentified,thing,.,@@NULL@@
Two,men,walking,in,summer,attire,.,@@NULL@@
A,female,softball,player,wearing,blue,and,red,crouches,in,the,infield,",",waiting,for,the,next,play,.,@@NULL@@
a,mass,of,people,looking,and,moving,in,the,same,general,direction,.,@@NULL@@
A,toddler,",",sitting,next,to,another,girl,who,is,slightly,older,",",is,using,a,bubble,machine,to,blow,a,large,bubble,into,the,air,.,@@NULL@@
3,women,run,in,a,marathon,with,the,crowd,in,the,background,",",one,with,the,label,Galina,and,another,the,label,Inga,",",and,the,3rd,running,close,behind,them,in,blue,.,@@NULL@@
a,skier,is,throwing,up,snow,as,he,skis,off,piste,.,@@NULL@@
A,woman,wearing,a,black,t,-,shirt,and,green,capri,pants,walks,in,front,of,a,giant,clock,.,@@NULL@@
This,is,a,very,large,vegetable,stand,under,a,white,tent,.,@@NULL@@
A,woman,in,a,spaghetti,strap,tank,wearing,a,flower,in,her,hair,is,staring,towards,the,right,.,@@NULL@@
A,young,Asian,girl,is,wearing,a,pink,dress,and,holding,an,umbrella,even,though,it,is,not,raining,.,@@NULL@@
A,young,redheaded,girl,in,a,blue,shirt,is,walking,and,talking,with,a,boy,in,black,Pearl,Jam,shirt,.,@@NULL@@
Numerous,customers,browsing,for,produce,in,a,market,.,@@NULL@@
Children,playing,a,video,game,together,.,@@NULL@@
A,man,sitting,outside,playing,a,musical,instrument,.,@@NULL@@
A,bearded,man,wears,a,roughly,sewn,hooded,costume,emblazoned,with,images,of,Spiderman,.,@@NULL@@
A,man,partly,draped,in,a,green,and,orange,flag,rests,his,arms,on,two,others,while,standing,in,a,crowd,.,@@NULL@@
A,female,bowler,dressed,in,blue,",",with,another,bowler,in,the,background,",",prepares,to,throw,a,ball,down,the,lane,.,@@NULL@@
Two,men,with,matching,t,-,shirts,fold,a,towel,in,the,living,room,.,@@NULL@@
Three,women,sit,together,near,woven,walls,.,@@NULL@@
A,crowd,of,people,standing,in,front,of,statues,.,@@NULL@@
Man,walking,a,small,pug,.,@@NULL@@
Large,brown,dog,walking,in,shallow,water,.,@@NULL@@
A,person,in,a,red,shirt,is,mowing,the,grass,with,a,green,riding,mower,.,@@NULL@@
Young,Asian,male,child,either,smoking,something,or,its,an,instrument,.,@@NULL@@
a,man,in,a,red,shirt,is,laying,on,the,grass,reaching,out,to,another,person,.,@@NULL@@
African,woman,walking,through,field,.,@@NULL@@
A,man,takes,a,drink,in,the,doorway,of,a,home,.,@@NULL@@
A,person,with,a,green,backpack,is,riding,a,bike,down,the,road,.,@@NULL@@
A,man,preparing,to,bat,in,a,baseball,game,.,@@NULL@@
Two,men,are,standing,in,a,freshly,razed,field,at,the,boundary,of,a,forest,",",while,a,bulldozer,sits,idling,nearby,.,@@NULL@@
The,squirrel,sits,straight,up,in,the,grass,.,@@NULL@@
A,woman,rests,her,head,on,a,man,'s,shoulder,.,@@NULL@@
A,female,gymnast,in,black,and,red,being,coached,on,bar,skills,.,@@NULL@@
Six,or,seven,people,are,standing,on,a,pier,with,a,table,and,a,pair,of,glasses,in,the,foreground,.,@@NULL@@
Man,racing,a,quad,on,a,dirt,racetrack,.,@@NULL@@
A,girl,wearing,khakis,and,a,red,sweatshirt,is,jumping,in,the,air,",",while,she,is,in,the,forest,.,@@NULL@@
A,boy,on,a,skateboard,in,midair,@@NULL@@
A,young,boy,using,a,spatula,to,handle,meat,on,a,grill,.,@@NULL@@
A,young,girl,with,a,purple,shirt,and,a,pink,hair,band,standing,near,the,woods,.,@@NULL@@
A,crowded,city,street,with,lots,of,pedestrians,.,@@NULL@@
A,black,-,haired,woman,with,her,hair,in,a,high,bun,is,having,her,head,shaved,by,another,woman,.,@@NULL@@
An,old,man,",",likely,a,blacksmith,",",is,welding,a,tool,",",seen,by,the,red,hot,scorching,look,of,it,.,@@NULL@@
Numerous,customers,browsing,for,produce,in,a,market,.,@@NULL@@
A,group,of,people,in,red,clothing,with,scooters,ride,down,the,hill,on,rollerblades,.,@@NULL@@
Two,young,girls,are,jumping,off,of,a,steep,step,.,@@NULL@@
One,woman,with,jeans,",",gray,shirt,and,sandals,;,with,girl,in,all,pink,watching,a,white,ball,float,in,midair,.,@@NULL@@
A,photographer,is,taking,photos,of,a,hockey,game,",",but,he,is,protecting,himself,from,harm,by,wearing,a,helmet,.,@@NULL@@
A,young,man,in,a,blue,T,-,shirt,and,sweatpants,stands,over,a,stove,and,looks,at,the,camera,while,another,young,man,stands,behind,him,.,@@NULL@@
A,couple,is,eating,outside,at,a,table,and,he,is,pointing,at,something,.,@@NULL@@
a,brown,dog,coming,out,of,an,orange,and,yellow,tunnel,@@NULL@@
A,man,holding,a,picture,of,a,small,dog,is,painting,a,small,dog,in,near,life,size,on,a,white,canvas,.,@@NULL@@
An,elderly,lady,holding,a,scruffy,dog,and,smiling,contently,.,@@NULL@@
Three,children,",",two,boys,and,a,girl,",",are,playing,with,the,swings,on,a,playground,with,residential,houses,in,the,background,.,@@NULL@@
A,man,is,riding,a,bicycle,in,the,street,.,@@NULL@@
Two,men,are,shirtless,on,the,beach,on,a,beautiful,day,.,@@NULL@@
A,woman,happy,about,something,.,@@NULL@@
Commuters,wait,for,to,cross,a,street,.,@@NULL@@
A,man,wearing,a,gray,ball,cap,walks,next,to,a,redheaded,woman,wearing,a,long,-,sleeved,blue,jean,shirt,.,@@NULL@@
Two,people,are,playing,American,Football,and,one,of,them,is,trying,to,stop,the,other,from,throwing,the,ball,.,@@NULL@@
A,golfer,shoots,his,ball,out,of,a,sand,trap,.,@@NULL@@
A,boy,in,a,green,shirt,on,a,skateboard,on,a,stone,wall,with,graffiti,@@NULL@@
A,person,rolls,down,a,hill,riding,a,wagon,as,another,watches,.,@@NULL@@
A,man,in,a,white,and,gray,shirt,looks,on,as,a,shirtless,man,with,a,mustache,cleans,fish,on,a,pale,green,table,.,@@NULL@@
An,Asian,woman,in,a,hat,is,measuring,food,from,barrels,with,a,ladle,into,a,smaller,metal,pan,.,@@NULL@@
Two,men,are,loading,bales,of,wheat,on,top,of,a,high,structure,on,a,cloudy,day,.,@@NULL@@
The,large,white,bird,grazes,the,water,.,@@NULL@@
A,young,woman,in,a,black,skirt,and,boots,walks,by,stores,.,@@NULL@@
A,casually,dressed,young,blond,woman,is,looking,away,sadly,as,couple,near,her,are,kissing,.,@@NULL@@
A,man,looking,out,of,his,window,.,@@NULL@@
A,large,number,of,people,are,watching,men,dressed,in,kilts,",",one,of,whom,has,thrown,a,long,pole,.,@@NULL@@
A,man,in,a,red,shirt,is,being,filmed,by,another,man,on,a,sports,field,with,a,huge,audience,of,people,watching,and,cheering,.,@@NULL@@
A,woman,floats,in,an,innertube,in,a,large,body,of,water,.,@@NULL@@
Two,dogs,are,digging,under,a,large,rock,with,their,bottoms,to,the,camera,.,@@NULL@@
The,young,boy,in,a,red,shirt,and,jeans,resists,his,sister,'s,request,for,water,on,the,road,.,@@NULL@@
A,man,in,a,black,jacket,standing,beside,a,green,mailbox,thoroughly,soiled,by,a,group,of,pigeons,that,are,nearby,.,@@NULL@@
Two,guys,playing,soccer,",",one,in,red,and,the,other,in,blue,.,@@NULL@@
A,young,male,wearing,a,white,shirt,with,a,character,outlined,very,darkly,.,@@NULL@@
A,man,and,a,child,painting,a,post,.,@@NULL@@
Two,girls,in,bathing,suits,are,in,water,.,@@NULL@@
A,woman,in,a,purple,jacket,walks,by,two,elderly,men,outside,a,cafe,.,@@NULL@@
A,female,runner,dressed,in,blue,athletic,wear,is,running,in,a,competition,",",while,spectators,line,the,street,.,@@NULL@@
A,couple,opening,up,a,new,electronically,mixer,.,@@NULL@@
Two,young,boys,playing,with,ducks,near,the,water,.,@@NULL@@
A,brown,and,white,dog,holds,a,tennis,ball,in,his,mouth,.,@@NULL@@
A,black,women,holding,a,sign,that,says,",",`,`,free,hugs,'',in,the,city,.,@@NULL@@
A,stoplight,displaying,two,bicycle,symbols,",",a,left,-,turning,green,arrow,and,a,red,forward,signal,stands,in,the,foreground,while,a,man,in,a,white,hat,and,blue,shirt,bikes,along,a,red,path,.,@@NULL@@
A,man,a,woman,posing,for,a,picture,.,@@NULL@@
A,white,and,black,spotted,dog,is,running,through,a,grassy,area,.,@@NULL@@
While,traveling,",",a,woman,in,a,black,jacket,is,resting,on,the,shoulder,of,a,man,in,a,black,jacket,.,@@NULL@@
A,woman,with,a,blue,hat,is,taking,photos,in,an,area,covered,in,brush,.,@@NULL@@
A,man,dressed,in,a,suit,and,bowler,style,hat,plays,a,sousaphone,which,has,flames,coming,out,of,the,top,.,@@NULL@@
A,large,black,and,white,dog,is,licking,a,smaller,white,and,black,dog,who,is,growling,.,@@NULL@@
A,young,boy,gets,his,photo,taken,with,Mr.,and,Mrs.,Clause,.,@@NULL@@
This,is,a,twisting,",",turning,roller,coaster,ride,",",filled,with,people,.,@@NULL@@
The,American,footballer,in,yellow,catches,the,ball,whilst,under,pressure,from,the,payer,in,white,.,@@NULL@@
A,little,girl,in,a,pink,dress,crying,.,@@NULL@@
A,smiling,girl,walking,and,a,frowning,girl,with,a,phone,.,@@NULL@@
A,female,swimmer,wearing,a,pink,costume,comes,out,of,the,water,in,a,pool,",",making,a,splash,.,@@NULL@@
A,man,and,woman,setup,a,camera,.,@@NULL@@
A,man,is,installing,a,roof,.,@@NULL@@
two,girls,looking,out,the,window,at,`,`,Hair,at,Hart,.,'',@@NULL@@
The,Sooner,football,player,carrying,the,ball,is,trying,to,avoid,being,tackled,.,@@NULL@@
A,man,surfs,on,a,medium,sized,wave,while,holding,a,paddle,that,seems,to,steer,him,in,the,direction,he,wants,to,go,.,@@NULL@@
A,girl,with,black,pants,on,is,lowering,a,camera,onto,the,running,track,.,@@NULL@@
A,woman,in,a,gray,kimono,walks,past,a,black,car,in,the,middle,of,a,crowded,street,full,of,Japanese,signs,",",with,a,man,in,an,orange,shirt,and,khaki,slacks,.,@@NULL@@
people,are,enjoying,food,at,a,crowded,restaurant,.,@@NULL@@
Sexy,young,men,stand,on,a,balcony,having,a,heated,conversation,.,@@NULL@@
A,man,and,a,boy,behind,the,wheel,of,a,car,.,@@NULL@@
A,woman,wearing,sunglasses,is,frowning,.,@@NULL@@
An,elderly,couple,in,heavy,coats,are,looking,at,black,and,white,photos,displayed,on,a,wall,.,@@NULL@@
A,man,wearing,a,red,shirt,is,quickly,polishing,a,light,wooden,floor,with,a,small,green,towel,next,to,a,yellow,can,of,Wood,Silk,.,@@NULL@@
A,man,in,a,hat,is,driving,a,horse,-,driven,cart,down,a,cobblestone,street,.,@@NULL@@
A,man,is,wearing,a,blue,and,yellow,racing,uniform,while,holding,a,bottle,@@NULL@@
A,boy,dressed,for,summer,in,a,green,shirt,and,kahki,shorts,extends,food,to,a,reindeer,in,a,petting,zoo,.,@@NULL@@
Two,people,",",one,wearing,an,orange,jersey,and,a,white,belt,",",and,another,wearing,a,blue,jersey,and,a,red,belt,are,playing,flag,football,.,@@NULL@@
A,young,woman,wearing,a,yellow,sweater,and,black,pants,is,ice,skating,outdoors,.,@@NULL@@
A,motorcyclist,is,flying,through,the,air,above,a,dirt,path,.,@@NULL@@
A,man,in,a,brown,jacket,stands,with,his,arms,spread,.,@@NULL@@
A,group,of,young,cheerleaders,in,pink,and,white,costumes,perform,on,a,stage,.,@@NULL@@
A,woman,is,walking,her,dog,and,using,her,cellphone,.,@@NULL@@
A,man,in,a,yellow,shirt,and,helmet,mountain,biking,down,a,dusty,path,.,@@NULL@@
Three,women,are,sitting,on,a,green,bench,looking,out,at,the,coast,.,@@NULL@@
A,young,boy,is,hugging,a,wooden,post,.,@@NULL@@
While,one,man,",",in,the,white,cap,",",is,golfing,",",three,other,men,are,in,the,middle,of,a,conversation,.,@@NULL@@
A,man,in,a,plaid,red,shirt,casts,his,fishing,line,out,into,the,water,.,@@NULL@@
A,little,boy,with,blond,-,hair,stares,down,at,display,case,featuring,cookies,and,cakes,.,@@NULL@@
A,group,of,people,in,bright,green,vests,are,purchasing,food,.,@@NULL@@
A,man,in,a,blue,shirt,and,a,woman,in,a,pink,skirt,sit,around,other,people,in,the,background,.,@@NULL@@
Two,men,wearing,dirty,clothing,are,sitting,on,a,sidewalk,with,their,dog,and,begging,for,money,using,a,cardboard,sign,.,@@NULL@@
A,girl,laying,on,the,ground,on,her,cellphone,.,@@NULL@@
A,young,boy,wearing,red,Croc,sandals,climbs,a,tree,with,healthy,",",green,leaves,.,@@NULL@@
The,man,in,colorful,shorts,is,barefoot,.,@@NULL@@
A,woman,with,a,vest,and,red,shirt,is,holding,her,hand,up,above,a,black,and,white,dog,that,is,jumping,.,@@NULL@@
Two,women,and,a,man,are,sitting,down,eating,and,drinking,various,items,.,@@NULL@@
The,small,dog,is,running,across,the,lawn,.,@@NULL@@
A,small,girl,in,a,green,shirt,plays,on,a,swing,.,@@NULL@@
A,woman,in,a,teal,apron,prepares,a,meal,at,a,restaurant,.,@@NULL@@
While,one,man,",",in,the,white,cap,",",is,golfing,",",three,other,men,are,in,the,middle,of,a,conversation,.,@@NULL@@
A,guy,and,a,girl,look,down,a,mountain,range,.,@@NULL@@
A,woman,swings,on,a,rope,overlooking,a,red,farmhouse,and,gated,pastures,and,tall,trees,.,@@NULL@@
A,young,boy,and,an,adult,man,looking,at,ducks,in,a,pond,.,@@NULL@@
A,man,in,a,dark,long,rainproof,jacket,but,dry,hair,walks,to,the,left,in,a,city,that,has,recently,rained,.,@@NULL@@
Two,humans,looking,out,in,the,distance,from,a,hill,.,@@NULL@@
The,young,man,in,the,plaid,shirt,is,sitting,on,a,chair,that,is,out,in,the,yard,.,@@NULL@@
Two,people,are,riding,at,once,on,one,single,bicycle,.,@@NULL@@
A,girl,laying,on,the,ground,on,her,cellphone,.,@@NULL@@
The,man,in,the,black,shirt,is,showing,the,man,in,the,orange,shirt,something,that,he,has,for,sale,.,@@NULL@@
An,older,gentleman,looks,at,the,camera,while,he,is,building,a,deck,.,@@NULL@@
the,white,dog,is,carrying,a,ball,in,its,mouth,.,@@NULL@@
Dog,yawns,@@NULL@@
Stick,figures,in,the,middle,of,the,street,.,@@NULL@@
A,man,rides,a,bicycle,while,a,young,girl,holds,onto,the,back,of,him,.,@@NULL@@
Times,Square,in,New,York,.,@@NULL@@
A,man,in,a,green,shirt,is,getting,his,feet,wet,in,front,of,a,wall,showing,a,closeup,picture,of,a,face,.,@@NULL@@
Person,in,yellow,T,-,shirt,is,sleeping,.,@@NULL@@
The,man,in,the,white,shirt,holds,up,a,playing,card,.,@@NULL@@
A,skateboarding,youth,does,a,trick,on,a,rail,.,@@NULL@@
A,child,floating,on,a,blue,raft,while,a,woman,holds,on,to,him,while,a,black,dog,swims,nearby,.,@@NULL@@
A,woman,in,a,headscarf,sitting,in,front,of,a,loom,.,@@NULL@@
A,guy,in,a,bright,green,hoodie,is,crossing,a,crosswalk,while,looking,at,an,accident,between,some,cars,and,a,bike,.,@@NULL@@
A,person,rolls,down,a,hill,riding,a,wagon,as,another,watches,.,@@NULL@@
A,child,making,a,sand,castle,on,the,beach,.,@@NULL@@
The,older,woman,smiles,as,she,holds,up,a,hammer,.,@@NULL@@
A,skier,being,helped,onto,a,red,stretcher,by,three,men,",",while,two,other,men,and,a,woman,prepare,to,help,.,@@NULL@@
Three,guys,in,red,uniforms,celebrating,a,goal,in,a,soccer,game,.,@@NULL@@
Rider,in,ceremonial,garb,rides,white,Arabian,horse,",",also,wearing,ceremonial,blankets,and,tassels,.,@@NULL@@
A,black,and,white,picture,of,a,city,street,with,a,food,vendor,in,the,foreground,.,@@NULL@@
A,street,performer,wearing,sunglasses,and,painted,in,bronze,colored,paint,is,acting,like,he,is,filming,with,an,old,-,fashioned,prop,film,camera,.,@@NULL@@
A,man,in,jeans,and,a,brown,shirt,jumps,high,in,the,air,in,a,living,room,that,has,a,fireplace,and,wooden,floor,.,@@NULL@@
Children,are,playing,in,the,street,with,a,toy,.,@@NULL@@
A,male,baseball,player,for,the,baseball,team,The,Indians,prepares,to,catch,a,ball,.,@@NULL@@
Two,scuba,divers,inspecting,a,large,metal,object,in,the,water,.,@@NULL@@
Two,boys,inside,a,fence,jump,in,the,air,while,holding,a,basketball,.,@@NULL@@
A,young,boy,with,close,-,cropped,hair,",",wearing,a,red,robe,",",is,holding,a,black,kettle,as,someone,is,about,to,pour,something,in,it,.,@@NULL@@
Men,sitting,at,a,table,in,a,church,.,@@NULL@@
Man,with,plaid,shirt,staring,off,into,the,distance,.,@@NULL@@
A,girl,jumps,in,the,air,.,@@NULL@@
The,little,boy,is,smiling,as,he,crosses,a,rope,on,an,assault,course,.,@@NULL@@
A,young,woman,wearing,a,yellow,shirt,and,off,-,white,shorts,is,reading,a,book,while,sitting,on,a,park,bench,.,@@NULL@@
A,man,is,riding,a,bicycle,in,the,street,.,@@NULL@@
A,young,boy,sits,on,the,shoulders,of,a,woman,",",who,is,carrying,a,young,girl,.,@@NULL@@
Pretty,spring,trees,are,shown,with,a,man,standing,with,his,hands,on,his,hips,",",and,a,large,tree,trunk,in,the,front,of,the,picture,.,@@NULL@@
A,man,wearing,an,oxford,shirt,",",sunglasses,",",and,a,hat,smirks,.,@@NULL@@
A,man,wearing,black,pants,rides,along,a,concrete,ledge,on,rollerblades,.,@@NULL@@
Several,children,are,standing,on,the,beach,.,@@NULL@@
A,man,in,a,suit,with,gold,buttons,and,a,name,tag,gestures,with,his,hands,as,he,speaks,to,another,man,in,a,dress,shirt,who,is,holding,a,beverage,in,a,glass,.,@@NULL@@
A,man,with,a,striped,black,and,white,shirt,and,a,helmet,cleans,wooden,floor,while,another,one,helps,him,on,the,background,.,@@NULL@@
Man,in,casual,dark,shirt,and,pants,and,hat,dances,with,curly,-,haired,blond,woman,in,short,red,dress,and,red,high,heels,@@NULL@@
Two,women,look,at,a,table,with,assorted,items,on,it,in,some,sort,of,market,that,others,are,currently,browsing,.,@@NULL@@
people,looking,at,dirty,water,.,@@NULL@@
a,man,standing,against,a,building,",",in,the,sunlight,",",as,you,can,see,the,shadow,of,the,person,taking,his,picture,@@NULL@@
Two,women,are,sitting,at,a,table,",",one,is,holding,a,baby,and,another,child,is,playing,on,the,floor,.,@@NULL@@
A,young,woman,skateboarding,on,an,outdoor,basketball,court,in,front,of,a,mural,.,@@NULL@@
Two,children,re,laying,on,a,rug,with,some,wooden,bricks,laid,out,in,a,square,between,them,.,@@NULL@@
A,guy,riding,a,motorcycle,near,junk,cars,@@NULL@@
A,woman,doing,gymnastics,",",she,is,using,the,balance,beam,@@NULL@@
A,large,display,of,artifacts,are,in,a,large,room,and,around,a,very,large,display,are,six,people,with,two,people,near,wooden,benches,.,@@NULL@@
A,black,man,in,a,blue,suit,is,talking,on,a,cellphone,while,smoking,.,@@NULL@@
A,woman,looks,at,a,plate,filled,with,steam,.,@@NULL@@
A,male,performer,sings,and,plays,the,guitar,in,front,of,a,microphone,.,@@NULL@@
Two,dogs,run,together,near,the,leaves,.,@@NULL@@
Three,people,on,skis,are,standing,behind,a,no,skiing,sign,.,@@NULL@@
An,obese,white,male,wearing,a,blue,shirt,and,khaki,shorts,sits,in,front,of,fountain,all,while,gabbing,on,phone,.,@@NULL@@
A,woman,in,a,white,wedding,dress,is,being,dressed,and,fitted,by,two,other,women,.,@@NULL@@
A,young,ladies,squatting,at,hillside,sipping,on,a,drink,the,other,one,with,the,white,purse,is,talking,pictures,.,@@NULL@@
A,man,in,a,gray,sweatshirt,using,a,power,saw,.,@@NULL@@
A,little,girl,wearing,a,yellow,dress,is,sitting,on,the,white,rocks,.,@@NULL@@
The,woman,in,the,black,shirt,hands,papers,to,the,children,surrounding,her,.,@@NULL@@
A,girl,wearing,khakis,and,a,red,sweatshirt,is,jumping,in,the,air,",",while,she,is,in,the,forest,.,@@NULL@@
A,beach,boardwalk,during,summertime,.,@@NULL@@
A,young,man,waring,black,and,carrying,a,skateboard,looks,at,an,outdoor,skateboard,park,.,@@NULL@@
A,young,boy,in,green,is,practicing,kicking,.,@@NULL@@
Two,women,walk,down,a,sidewalk,along,a,busy,street,in,a,downtown,area,.,@@NULL@@
A,white,greyhound,dog,wearing,a,muzzle,runs,around,a,track,.,@@NULL@@
A,man,holds,a,rope,for,a,boy,who,'s,about,to,climb,a,wall,.,@@NULL@@
Two,men,working,in,a,small,factory,.,@@NULL@@
People,looking,at,a,tiny,dog,sitting,on,a,sidewalk,.,@@NULL@@
Two,black,labs,run,",",one,carrying,an,orange,dog,toy,.,@@NULL@@
It,is,a,march,of,people,of,different,backgrounds,all,walking,and,one,guy,in,a,green,shirt,holds,a,flag,.,@@NULL@@
Someone,in,a,white,and,black,polka,dot,outfit,handing,out,small,cartons,of,orange,juice,behind,caution,tape,on,a,street,.,@@NULL@@
People,hurrying,to,get,to,work,in,a,busy,city,.,@@NULL@@
A,baby,sitting,in,a,highchair,looking,delighted,.,@@NULL@@
An,elderly,man,is,smiling,while,sitting,in,front,of,a,row,of,soda,cans,.,@@NULL@@
a,small,brown,and,white,dog,swimming,through,the,pool,next,to,a,man,.,@@NULL@@
A,group,of,children,divided,into,a,maroon,team,and,a,blue,team,playing,a,soccer,game,.,@@NULL@@
A,man,in,gray,on,a,rocky,cliff,",",overlooking,the,mountains,.,@@NULL@@
A,man,tests,model,airplanes,in,an,open,field,.,@@NULL@@
Two,women,stand,in,the,street,both,wearing,matching,outfits,with,police,like,jackets,that,say,Polotie,.,@@NULL@@
A,group,of,boys,playing,street,soccer,.,@@NULL@@
Two,women,are,reading,",",one,woman,has,a,magazine,with,a,Dior,ad,on,the,back,of,it,",",while,the,other,woman,is,reading,fro,ma,hard,cover,book,.,@@NULL@@
3,people,are,shopping,in,a,market,.,@@NULL@@
A,young,boy,in,red,leaping,into,sand,at,a,playground,.,@@NULL@@
An,older,woman,is,holding,a,small,child,.,@@NULL@@
A,group,of,people,are,buying,fruits,and,vegetables,from,a,stand,located,in,a,street,market,.,@@NULL@@
A,guy,with,a,football,",",a,crowd,watching,him,.,@@NULL@@
Brown,horse,standing,in,the,background,while,man,in,a,white,cowboy,hat,and,blue,long,-,sleeve,shirt,is,walking,off,.,@@NULL@@
A,man,swings,his,tennis,racquet,as,the,tennis,ball,gets,closer,to,him,.,@@NULL@@
A,group,of,people,stares,at,a,wall,that,is,filled,with,drawings,in,a,building,.,@@NULL@@
There,are,children,playing,in,the,snow,and,one,of,them,is,making,a,snowball,.,@@NULL@@
People,jump,over,a,mountain,crevasse,on,a,rope,.,@@NULL@@
The,hockey,players,and,referee,are,preparing,for,a,face,-,off,.,@@NULL@@
A,crowd,of,people,in,winter,garb,gather,in,the,street,against,a,backdrop,of,bare,trees,and,snow,.,@@NULL@@
A,musician,playing,a,guitar,while,he,has,the,microphone,inside,his,mouth,.,@@NULL@@
A,skateboarder,is,performing,a,grab,trick,while,hovering,above,a,ramp,",",which,is,located,within,a,city,.,@@NULL@@
Three,men,in,hats,and,a,woman,in,a,red,shirt,examine,the,produce,presented,to,them,by,the,man,in,the,blue,shirt,and,white,hat,.,@@NULL@@
A,picture,of,an,artwork,that,depicts,a,man,being,flown,by,birds,that,is,in,font,of,a,construction,area,.,@@NULL@@
Nurses,in,a,medical,setting,conversing,over,a,plastic,cup,.,@@NULL@@
A,man,wearing,a,hat,sitting,on,the,side,of,a,hill,looking,towards,the,water,.,@@NULL@@
Construction,workers,are,standing,upon,on,a,wooden,bridge,.,@@NULL@@
An,asian,teenager,wearing,a,white,shirt,with,black,stripes,is,sitting,on,the,steps,with,his,face,resting,on,his,hand,.,@@NULL@@
A,man,is,outdoors,looking,directly,at,the,camera,",",and,in,front,of,him,is,a,yellow,flower,.,@@NULL@@
A,few,people,are,sitting,inside,of,a,building,with,lots,of,photography,on,the,walls,.,@@NULL@@
A,chef,in,a,kitchen,cuts,a,piece,off,of,a,large,slab,of,rotating,meat,on,a,stick,",",probably,lamb,.,@@NULL@@
A,man,and,a,woman,are,dancing,in,the,crowd,.,@@NULL@@
A,man,in,a,blue,shirt,was,arguing,with,a,man,in,a,green,jacket,and,started,to,raise,his,fist,in,anger,.,@@NULL@@
Two,young,men,climb,a,tree,overlooking,a,rural,setting,",",with,one,of,them,out,far,on,a,limb,and,clutching,a,white,helmet,.,@@NULL@@
A,woman,wearing,a,red,work,man,'s,hat,and,red,jacket,is,hiking,in,the,snow,topped,mountains,.,@@NULL@@
A,woman,in,orange,sunglasses,is,playing,the,drums,while,speaking,into,a,microphone,in,front,of,a,large,sign,.,@@NULL@@
A,caucasian,man,wearing,red,plaid,bottoms,and,a,black,vest,with,large,buttons,with,a,tattoo,on,one,arm,has,an,upside,down,unicycle,balancing,on,his,mouth,.,@@NULL@@
A,large,African,American,man,sitting,on,a,camping,chair,.,@@NULL@@
Two,men,are,boxing,in,fighting,arena,.,@@NULL@@
Two,construction,workers,are,working,in,front,of,a,wall,which,has,a,bunch,of,names,carved,into,it,.,@@NULL@@
A,brown,dog,is,in,the,middle,of,a,line,of,dogs,chasing,a,dirty,tennis,ball,over,dirt,.,@@NULL@@
A,five,piece,horn,band,all,playing,in,a,hall,of,what,looks,like,a,church,.,@@NULL@@
A,big,dog,and,a,smaller,dog,fight,over,a,piece,of,fabric,.,@@NULL@@
A,younger,couple,is,walking,across,a,crosswalk,outside,with,a,very,busy,bus,stop,behind,them,.,@@NULL@@
A,girl,in,a,hat,steers,her,electric,wheelchair,.,@@NULL@@
The,coaching,official,and,football,player,are,talking,in,front,a,crowd,and,other,team,members,.,@@NULL@@
A,man,is,on,a,skateboard,jumping,from,a,short,ledge,onto,the,sidewalk,.,@@NULL@@
The,man,in,black,is,flying,off,the,full,in,front,of,a,red,fence,.,@@NULL@@
A,young,black,man,wearing,a,dark,leather,jacket,and,gloves,is,standing,on,a,lit,stage,",",looking,down,.,@@NULL@@
A,blond,woman,in,a,black,shirt,is,standing,behind,a,counter,.,@@NULL@@
Girl,wearing,white,shirt,sings,on,stage,while,playing,guitar,@@NULL@@
The,guy,in,the,black,jacket,is,standing,on,his,hand,on,a,checkered,rectangle,.,@@NULL@@
A,male,guitar,player,is,vigorously,singing,a,not,to,a,song,in,a,poorly,lit,room,.,@@NULL@@
A,young,boy,runs,across,a,road,in,front,of,a,sky,blue,building,with,barred,windows,.,@@NULL@@
A,young,woman,is,wearing,a,paper,crown,at,an,outdoor,event,.,@@NULL@@
A,girl,is,swinging,",",rather,high,",",on,a,swing,with,blue,ropes,with,lots,of,trees,in,the,background,.,@@NULL@@
two,shirtless,men,jumping,over,a,street,rail,",",probably,practicing,new,dance,moves,.,@@NULL@@
A,man,sitting,outside,playing,a,musical,instrument,.,@@NULL@@
Two,men,in,hard,hats,sawing,a,plank,of,wood,.,@@NULL@@
A,group,of,female,athletes,are,huddled,together,and,excited,.,@@NULL@@
Five,women,wearing,red,shirts,are,leaning,against,a,red,car,.,@@NULL@@
Swimming,in,the,wide,blue,ocean,.,@@NULL@@
A,guy,in,a,red,jacket,is,snowboarding,in,midair,.,@@NULL@@
A,nighttime,street,scene,of,a,restaurant,.,@@NULL@@
A,group,of,girls,in,black,and,white,spotted,skirts,cross,a,street,.,@@NULL@@
Two,women,and,a,little,girl,are,resting,with,food,and,drink,near,a,log,in,a,grassy,field,under,flowering,trees,.,@@NULL@@
A,group,of,people,in,a,room,",",most,with,computers,",",some,raising,their,hands,.,@@NULL@@
A,woman,in,a,black,outfit,lies,face,first,on,a,yoga,mat,;,several,paintings,are,hanged,on,the,wall,",",and,the,sun,shines,through,a,large,window,near,her,.,@@NULL@@
A,man,wearing,a,blue,lab,coat,",",safety,glasses,",",and,gloves,is,working,at,a,small,machine,with,a,large,computer,screen,.,@@NULL@@
A,man,and,a,child,painting,a,post,.,@@NULL@@
A,man,wearing,a,white,button,down,shirt,is,walking,down,the,street,.,@@NULL@@
Two,people,are,running,in,the,grass,by,a,hill,.,@@NULL@@
Two,black,guys,",",that,are,on,rival,teams,playing,basketball,.,@@NULL@@
A,game,of,rugby,in,which,2,players,are,attempting,to,stop,there,opponent,from,catching,a,ball,in,midair,.,@@NULL@@
A,man,and,a,woman,are,lying,together,on,a,grassy,park,field,near,a,waterfront,.,@@NULL@@
An,old,man,in,a,baseball,hat,and,an,old,woman,in,a,jean,jacket,are,standing,outside,",",but,are,covered,mostly,in,shadow,.,@@NULL@@
A,group,of,women,observing,an,event,while,one,in,military,attire,takes,a,photograph,@@NULL@@
The,blond,girl,is,opening,her,drink,as,she,speaks,to,the,person,with,her,.,@@NULL@@
Woman,wearing,green,pants,",",blue,jacket,and,sunhat,carrying,food,in,baskets,that,are,hung,over,her,shoulder,.,@@NULL@@
a,young,couple,both,wearing,white,shirts,and,blue,jeans,standing,in,a,light,misty,rain,@@NULL@@
A,young,couple,and,many,others,out,enjoying,themselves,at,an,outdoor,street,event,.,@@NULL@@
A,juggler,wearing,a,plaid,kilt,and,a,green,shirt,",",juggling,.,@@NULL@@
The,young,Asian,woman,is,using,an,umbrella,",",and,is,in,front,of,a,brightly,colored,patch,of,flowers,in,the,back,.,@@NULL@@
A,water,scene,with,a,sunset,in,the,background,.,@@NULL@@
A,woman,is,leaning,against,a,wall,with,her,shoe,off,.,@@NULL@@
Two,men,wearing,red,jackets,are,looking,out,over,some,water,and,one,man,has,yellow,earphones,on,his,ears,.,@@NULL@@
Two,workers,in,green,uniforms,are,standing,in,an,alleyway,.,@@NULL@@
Two,men,at,a,fish,market,filled,with,boxes,of,fish,and,freshly,cut,fillets,study,a,weight,scale,.,@@NULL@@
A,woman,",",wearing,a,colorful,bikini,",",rests,laying,down,next,to,the,blue,water,.,@@NULL@@
A,member,of,the,army,is,walking,with,a,German,Shepard,while,the,dog,has,something,in,has,mouth,.,@@NULL@@
A,man,sits,outdoors,with,some,of,his,belongings,.,@@NULL@@
Three,men,on,mountain,bikes,go,over,a,sand,hill,.,@@NULL@@
A,woman,wearing,a,tank,top,and,black,pants,is,laying,on,the,ground,while,looking,at,a,book,.,@@NULL@@
Asian,people,about,to,perform,animal,balloons,.,@@NULL@@
An,older,man,is,riding,a,bike,with,a,blue,laundry,hamper,full,of,clothes,on,his,handlebars,.,@@NULL@@
Two,dogs,are,digging,under,a,large,rock,with,their,bottoms,to,the,camera,.,@@NULL@@
Two,boys,in,a,canoe,in,front,of,a,larger,boat,with,a,storm,coming,in,.,@@NULL@@
A,closeup,of,an,older,man,with,glasses,speaking,.,@@NULL@@
A,dog,jumping,over,a,beam,@@NULL@@
A,man,with,thinning,hair,looking,into,glasses,through,glasses,.,@@NULL@@
A,group,of,four,children,pose,on,a,muddy,beach,",",smiling,and,making,faces,.,@@NULL@@
It,looks,like,the,clown,has,fallen,off,the,horse,.,@@NULL@@
A,bundled,up,toddler,is,walking,over,snow,.,@@NULL@@
Kids,work,at,computers,with,a,teacher,'s,help,.,@@NULL@@
An,oriental,woman,cleaning,wood,outside,from,a,bucket,.,@@NULL@@
Girl,in,red,jumping,up,@@NULL@@
A,man,in,a,bright,yellow,shirt,juggles,while,riding,a,unicycle,.,@@NULL@@
Shirtless,man,with,long,pole,navigates,covered,boat,down,a,palm,tree,lined,river,past,a,hut,.,@@NULL@@
A,woman,wearing,dollar,sign,glasses,",",holding,a,dollar,bill,",",stands,with,a,suitcase,that,says,`,`,Lucky,'',that,is,overflowing,with,cash,.,@@NULL@@
Boy,in,backpack,crossing,the,street,",",Other,people,",",all,Asian,",",are,all,in,crosswalk,walking,towards,the,boy,.,@@NULL@@
Man,with,an,orange,bandanna,is,playing,the,flute,.,@@NULL@@
A,young,boy,in,a,cowboy,hat,rides,a,large,horse,.,@@NULL@@
Blond,women,working,wearing,gloves,.,@@NULL@@
A,dog,is,on,the,beach,near,a,ball,.,@@NULL@@
A,young,woman,wearing,a,white,sleeveless,dress,with,red,flowers,is,talking,on,her,cellphone,as,she,walks,down,a,street,.,@@NULL@@
Several,people,are,laying,on,the,floor,sleeping,covered,by,blankets,.,@@NULL@@
Two,young,girls,",",one,wearing,a,pink,jacket,and,the,other,in,a,dark,-,colored,jacket,",",are,playing,in,the,snow,and,having,a,snowball,fight,in,a,clearing,outside,of,a,wooded,area,.,@@NULL@@
Customers,are,ordering,food,at,a,cafe,.,@@NULL@@
A,cement,worker,is,working,on,a,new,sidewalk,outside,of,a,clothing,store,.,@@NULL@@
Some,people,are,relaxing,in,front,of,a,large,red,building,.,@@NULL@@
A,little,girl,wearing,a,yellow,dress,is,sitting,on,the,white,rocks,.,@@NULL@@
A,person,holds,a,bunch,of,brush,while,walking,down,a,stone,path,.,@@NULL@@
A,man,in,gray,uniform,is,cutting,something,on,the,ground,while,a,man,in,white,uniform,is,watching,him,.,@@NULL@@
Some,children,are,playing,soccer,in,front,of,a,large,wooden,door,.,@@NULL@@
There,are,two,kids,",",a,soccer,ball,",",a,dog,and,a,goat,outside,in,a,field,.,@@NULL@@
A,man,with,a,paddle,stands,next,to,a,woman,with,a,bikini,top,;,and,her,arms,are,in,a,dance,pose,.,@@NULL@@
Two,people,wearing,green,raincoats,sit,in,blue,bleachers,that,are,otherwise,empty,.,@@NULL@@
Some,kids,are,wrestling,on,an,inflatable,raft,@@NULL@@
two,male,'s,in,a,karate,class,",",one,who,is,in,the,air,with,a,blue,and,orange,belt,and,one,who,is,about,to,get,kicked,in,the,face,.,@@NULL@@
A,blond,boy,stands,among,people,in,a,shady,setting,with,a,large,snake,wrapped,around,his,chest,.,@@NULL@@
Women,sitting,at,steel,table,next,to,a,man,standing,and,holding,his,bicep,.,@@NULL@@
A,child,stands,in,a,shower,with,clothes,on,.,@@NULL@@
The,players,manuever,for,the,soccer,ball,.,@@NULL@@
A,choir,made,up,of,varying,ages,of,people,are,performing,.,@@NULL@@
A,dark,-,skinned,man,wearing,a,green,cap,backwards,on,his,head,grins,in,a,crowd,.,@@NULL@@
You,can,see,the,bottom,halves,of,three,boys,standing,on,a,sidewalk,with,silly,string,sprayed,everywhere,@@NULL@@
Small,girl,riding,in,play,car,.,@@NULL@@
A,man,wearing,black,pants,",",an,orange,and,brown,striped,shirt,",",and,a,black,bandanna,in,a,`,`,just,thrown,a,bowling,ball,'',stance,.,@@NULL@@
Woman,in,a,blue,dress,and,carrying,a,black,purse,",",rides,a,scooter,down,the,street,.,@@NULL@@
A,man,in,a,green,shirt,and,dark,pants,and,carrying,a,really,big,pot,turns,around,to,talk,to,3,other,people,.,@@NULL@@
A,group,of,people,are,riding,down,a,roller,coaster,that,appears,to,be,called,the,`,`,Cyclone,.,'',@@NULL@@
A,group,of,girls,jumping,over,another,girl,who,is,laying,on,the,floor,.,@@NULL@@
A,man,and,his,camel,in,the,dusty,desert,.,@@NULL@@
A,young,girl,is,wearing,a,blue,patterned,swimsuit,",",a,black,and,yellow,swim,cap,and,has,blue,swim,goggles,on,her,head,.,@@NULL@@
Two,women,bend,over,to,touch,a,small,kangaroo,.,@@NULL@@
several,brides,wearing,white,dresses,are,holding,red,roses,@@NULL@@
Two,woman,wearing,dresses,are,standing,outside,on,the,grass,while,one,of,them,is,holding,a,cup,and,saucer,.,@@NULL@@
One,young,boy,in,a,yellow,long,-,sleeved,shirt,and,jeans,sitting,down,",",with,five,adults,in,front,of,him,",",one,operating,a,video,camera,.,@@NULL@@
A,wet,black,lab,with,a,red,collar,is,standing,in,the,water,.,@@NULL@@
Two,small,girls,are,holding,stuffed,animals,.,@@NULL@@
Four,kids,pose,on,a,stage,.,@@NULL@@
Two,girls,kissing,a,man,with,a,black,shirt,and,brown,hair,on,the,cheeks,.,@@NULL@@
A,lady,is,helping,another,woman,work,in,a,silver,compartment,",",which,is,most,likely,related,to,nurse,-,work,.,@@NULL@@
A,man,speaking,with,two,women,.,@@NULL@@
A,man,wearing,a,welding,mask,working,on,a,duct,.,@@NULL@@
a,man,sitting,on,a,motorcycle,with,a,sunset,directly,behind,him,@@NULL@@
People,buy,fruits,and,vegetables,at,an,open,air,market,.,@@NULL@@
Dog,running,with,pet,toy,being,chased,by,another,dog,.,@@NULL@@
A,man,standing,in,a,cubicle,with,a,chair,that,has,a,black,Ginobili,jersey,on,it,.,@@NULL@@
Someone,in,green,pants,is,on,a,white,snowboard,in,the,air,.,@@NULL@@
Artist,on,street,corner,selling,his,artwork,.,@@NULL@@
One,confused,man,is,standing,and,staring,off,into,the,distance,in,front,of,some,ticket,collecting,machines,.,@@NULL@@
A,mother,holds,her,newborn,baby,.,@@NULL@@
Three,military,officials,are,battling,a,fire,my,a,building,.,@@NULL@@
The,tattooed,basketball,player,is,about,to,dunk,the,ball,.,@@NULL@@
A,policeman,on,a,motorcycle,from,the,rear,.,@@NULL@@
Two,soccer,players,are,going,after,the,ball,.,@@NULL@@
A,boy,stands,in,the,middle,of,a,crowd,of,teenagers,.,@@NULL@@
A,man,pushing,a,hand,-,truck,of,boxes,is,bending,over,to,pick,up,a,pear,.,@@NULL@@
A,rescue,worker,searches,with,a,flashlight,under,a,slab,in,a,ruined,building,.,@@NULL@@
A,woman,is,posing,in,a,meadow,next,to,an,old,truck,.,@@NULL@@
An,older,",",barefoot,boy,is,talking,to,a,younger,",",shirtless,boy,in,flip,flips,in,the,middle,of,the,street,.,@@NULL@@
A,woman,wearing,a,tank,top,and,black,pants,is,laying,on,the,ground,while,looking,at,a,book,.,@@NULL@@
A,lady,with,blue,jeans,and,a,brown,shirt,is,speaking,on,her,cellphone,on,the,second,floor,of,the,mall,.,@@NULL@@
A,man,getting,a,group,of,children,to,move,around,and,have,fun,.,@@NULL@@
A,man,biking,down,a,tunnel,.,@@NULL@@
A,woman,in,a,white,shirt,inspects,a,black,garment,while,sitting,in,a,chair,at,a,festival,.,@@NULL@@
A,man,and,a,young,girl,swimming,.,@@NULL@@
Two,soccer,players,try,to,take,possession,of,the,ball,",",but,the,player,in,yellow,falls,as,the,player,in,white,jumps,over,him,.,@@NULL@@
Women,is,small,tops,and,skirts,pose,for,the,camera,.,@@NULL@@
A,man,partly,draped,in,a,green,and,orange,flag,rests,his,arms,on,two,others,while,standing,in,a,crowd,.,@@NULL@@
A,woman,wearing,a,gray,sweater,stands,in,the,street,near,a,green,pole,.,@@NULL@@
People,enjoying,food,outside,of,a,restaurant,.,@@NULL@@
A,road,worker,is,holding,a,stop,sign,to,direct,traffic,.,@@NULL@@
A,young,boy,using,a,spatula,to,handle,meat,on,a,grill,.,@@NULL@@
Basketball,referee,watching,a,team,player,hang,from,the,hoop,.,@@NULL@@
A,drummer,wearing,a,plaid,shirt,",",jeans,",",and,a,purple,had,bangs,his,drum,.,@@NULL@@
Several,men,helping,each,other,pull,in,a,fishing,net,.,@@NULL@@
The,back,of,a,woman,wearing,a,white,jacket,with,blue,jeans,walking,towards,a,flock,of,birds,.,@@NULL@@
Three,people,wearing,black,blindfolds,near,a,`,`,Salvar,O,Planeta,'',sign,.,@@NULL@@
A,high,school,band,getting,ready,to,perform,.,@@NULL@@
A,man,with,a,cowboy,hat,and,a,gentleman,with,sunglasses,on,his,head,are,seated,next,to,each,other,.,@@NULL@@
Three,young,boys,enjoying,a,day,at,the,beach,.,@@NULL@@
An,officer,in,a,black,uniform,and,hat,stands,to,the,left,of,a,large,structure,with,other,officers,in,the,background,.,@@NULL@@
Several,bicyclers,are,carrying,their,bikes,up,a,grassy,hill,.,@@NULL@@
A,baby,with,a,green,bottom,and,red,top,lying,in,bed,with,a,brown,and,white,cat,and,also,a,black,and,white,cat,.,@@NULL@@
A,middle,-,aged,woman,in,a,light,brown,trench,coat,and,black,boots,walks,on,the,sidewalk,past,a,shop,entrance,.,@@NULL@@
A,man,is,standing,on,his,tip,toes,in,front,of,two,people,sitting,in,the,car,.,@@NULL@@
Two,children,are,looking,through,a,telescope,on,a,city,street,",",and,the,boy,is,using,a,step,ladder,to,see,through,the,eyeglass,.,@@NULL@@
Workers,wearing,orange,vests,work,on,fence,.,@@NULL@@
A,young,child,joyfully,pulls,colorful,tissue,paper,from,a,decorated,box,",",looking,for,his,present,.,@@NULL@@
A,woman,with,a,green,headscarf,",",blue,shirt,and,a,very,big,grin,.,@@NULL@@
A,woman,wearing,dollar,sign,glasses,",",holding,a,dollar,bill,",",stands,with,a,suitcase,that,says,`,`,Lucky,'',that,is,overflowing,with,cash,.,@@NULL@@
People,walk,outside,`,`,The,Tempe,Bar,'',.,@@NULL@@
A,caucasian,man,wearing,red,plaid,bottoms,and,a,black,vest,with,large,buttons,with,a,tattoo,on,one,arm,has,an,upside,down,unicycle,balancing,on,his,mouth,.,@@NULL@@
A,wall,hung,with,multicolored,crosses,is,visible,behind,the,group,of,young,men,as,they,converse,.,@@NULL@@
A,male,and,female,",",both,wearing,sandals,",",walking,by,a,fence,.,@@NULL@@
A,boy,in,shorts,doing,a,skateboard,trick,.,@@NULL@@
a,woman,in,jeans,and,a,woman,in,shorts,are,petting,a,baby,kangaroo,.,@@NULL@@
Two,men,in,hard,hats,and,safety,neon,vests,on,scaffolding,working,outside,in,the,daylight,.,@@NULL@@
A,person,is,riding,their,motorbike,and,a,person,in,a,bright,yellow,jacket,is,watching,someone,fall,off,their,bike,.,@@NULL@@
In,an,apparent,classroom,setting,",",a,young,man,in,a,blue,t,-,shirt,has,a,book,on,his,knee,while,a,woman,dressed,in,black,next,to,him,leans,in,to,point,out,something,in,the,book,.,@@NULL@@
Two,people,",",one,wearing,an,orange,jersey,and,a,white,belt,",",and,another,wearing,a,blue,jersey,and,a,red,belt,are,playing,flag,football,.,@@NULL@@
A,young,family,enjoys,feeling,ocean,waves,lap,at,their,feet,.,@@NULL@@
A,man,in,a,red,shirt,and,blue,jeans,is,standing,in,front,of,a,wall,with,other,people,'s,shadows,in,front,of,him,on,the,pavement,.,@@NULL@@
A,person,dressed,in,a,dress,with,flowers,and,a,stuffed,bee,attached,to,it,",",is,pushing,a,baby,stroller,down,the,street,.,@@NULL@@
An,older,caucasian,couple,is,having,their,picture,taken,by,a,stone,statue,of,a,man,and,woman,kissing,.,@@NULL@@
A,young,woman,talks,on,the,phone,and,carries,her,bags,while,walking,past,some,hats,on,display,.,@@NULL@@
A,child,floating,on,a,blue,raft,while,a,woman,holds,on,to,him,while,a,black,dog,swims,nearby,.,@@NULL@@
A,man,in,a,purple,jersey,is,falling,down,while,chasing,a,player,in,a,green,jersey,playing,soccer,@@NULL@@
A,young,man,with,glasses,and,his,companion,are,attempting,to,do,laundry,in,a,public,place,.,@@NULL@@
A,young,boy,holding,a,red,toy,wearing,green,snowman,and,reindeer,pajamas,with,an,older,woman,on,a,couch,behind,him,.,@@NULL@@
A,young,woman,is,standing,on,a,slope,",",facing,the,top,of,the,slope,.,@@NULL@@
A,woman,in,a,long,",",dark,coat,looks,through,trashcans,in,Winter,.,@@NULL@@
A,lady,is,promoting,something,to,the,other,two,girls,.,@@NULL@@
A,woman,is,sitting,outside,at,a,table,",",using,a,knife,to,cut,into,a,sandwich,.,@@NULL@@
Man,with,a,spider,web,&,spiders,painted,on,his,face,.,@@NULL@@
Two,dirt,bikers,-,one,in,black,and,red,",",sporting,number,64,",",the,other,in,blue,and,white,displaying,a,red,`,`,21,'',-,round,the,corner,of,a,tree,-,lined,track,.,@@NULL@@
A,child,on,a,swing,.,@@NULL@@
A,public,speaker,in,a,plaid,shirt,speaks,on,the,microphone,.,@@NULL@@
A,man,in,a,blue,shirt,emerges,from,a,doorway,.,@@NULL@@
A,woman,talks,on,a,cellphone,while,sitting,in,front,of,blue,railings,that,are,in,front,of,the,ocean,.,@@NULL@@
Two,men,scrimmage,in,soccer,",",as,a,referee,looks,on,.,@@NULL@@
An,Asian,man,is,performing,with,face,paint,on,.,@@NULL@@
An,organ,grinder,",",in,World,War,I,helmet,and,clown,makeup,",",speaks,to,an,older,man,in,a,blue,",",striped,polo,shirt,.,@@NULL@@
A,man,dressed,in,a,red,shirt,and,black,tie,stands,up,at,a,wedding,reception,to,make,a,speech,.,@@NULL@@
A,man,in,a,blue,shirt,is,performing,a,skateboarding,trick,near,stiars,while,two,other,men,watch,.,@@NULL@@
A,red,-,haired,woman,in,a,pink,shirt,attempts,to,descend,a,tree,.,@@NULL@@
An,older,woman,is,holding,a,small,child,.,@@NULL@@
A,woman,in,a,bright,pink,and,green,skirt,carries,a,large,wicker,basket,on,her,back,up,a,stone,-,cobbled,street,.,@@NULL@@
a,boy,wearing,jean,shorts,",",and,a,black,and,blue,shirt,",",reading,a,book,",",sits,on,a,rolling,device,up,against,a,wall,that,says,book,fair,",",while,other,people,stand,around,.,@@NULL@@
Two,men,outside,of,a,restaurant,.,@@NULL@@
Two,women,sitting,at,a,table,with,their,hands,together,.,@@NULL@@
Some,dogs,are,running,on,a,deserted,beach,.,@@NULL@@
An,old,man,looking,over,a,sculpture,.,@@NULL@@
A,girl,reaches,up,to,kiss,a,cat,",",which,is,sitting,on,the,counter,.,@@NULL@@
The,African,American,man,protests,against,unlawful,sex,.,@@NULL@@
Colorful,rings,spraying,water,at,little,girl,wearing,swimsuit,.,@@NULL@@
A,man,is,working,in,an,art,studio,and,is,surrounded,by,art,supplies,.,@@NULL@@
Two,men,wearing,dirty,clothing,are,sitting,on,a,sidewalk,with,their,dog,and,begging,for,money,using,a,cardboard,sign,.,@@NULL@@
An,African,American,man,is,posing,in,front,of,an,E.S.E.,Electronics,advertisement,billboard,after,purchasing,items,from,the,local,liquor,store,.,@@NULL@@
Three,firefighter,come,out,of,subway,station,.,@@NULL@@
A,group,of,people,building,gingerbread,houses,.,@@NULL@@
Several,adults,look,on,while,a,young,girl,plays,in,a,ball,pit,.,@@NULL@@
A,man,wearing,protective,gear,grinds,down,a,large,metal,object,.,@@NULL@@
A,group,of,men,on,a,beach,are,chasing,another,man,who,is,carrying,a,ball,.,@@NULL@@
A,woman,wearing,a,yellow,tank,top,and,white,pants,looking,into,a,window,on,a,city,street,.,@@NULL@@
A,road,crew,is,working,on,a,road,with,equipment,around,them,.,@@NULL@@
A,small,child,is,giving,heavy,metal,signs,@@NULL@@
A,middle,eastern,marketplace,.,@@NULL@@
Kids,out,in,front,of,a,building,doing,sightseeing,.,@@NULL@@
A,skateboarder,is,performing,a,grab,trick,while,hovering,above,a,ramp,",",which,is,located,within,a,city,.,@@NULL@@
A,man,in,a,coat,with,a,briefcase,walks,down,a,street,next,to,the,bus,lane,.,@@NULL@@
a,brown,and,black,attack,dog,being,trained,by,a,man,holding,a,stick,@@NULL@@
Some,men,in,burgundy,coats,try,to,push,a,car,in,the,snow,.,@@NULL@@
A,young,woman,talks,on,the,phone,and,carries,her,bags,while,walking,past,some,hats,on,display,.,@@NULL@@
At,an,outdoor,event,on,a,large,table,",",several,workers,form,an,assembly,line,in,which,they,prepare,food,",",with,many,squeeze,bottles,and,dispensers,visible,and,a,woman,wearing,plastic,gloves,in,the,foreground,.,@@NULL@@
Several,adults,look,on,while,a,young,girl,plays,in,a,ball,pit,.,@@NULL@@
Five,young,indian,girls,dress,in,colorful,dresses,are,holding,hands,and,smiling,forming,a,circle,@@NULL@@
A,group,of,children,looking,at,the,contents,of,a,slide,through,a,microscope,displayed,on,a,computer,screen,.,@@NULL@@
A,pro,-,baseball,pitcher,sends,a,curve,ball,to,his,opponent,while,many,fans,relax,and,enjoy,the,game,.,@@NULL@@
Kids,play,in,the,water,in,the,middle,of,the,street,.,@@NULL@@
A,person,is,on,a,four,wheeler,kicking,up,a,lot,of,dirt,in,a,dune,.,@@NULL@@
Little,girl,with,very,curly,hair,drinking,her,cup,of,juice,.,@@NULL@@
Two,police,officers,in,yellow,reflective,jackets,are,standing,in,a,shopping,zone,having,a,conversation,.,@@NULL@@
A,person,lies,in,a,grassy,area,near,a,building,.,@@NULL@@
People,in,front,of,waterfront,",",3,people,are,sitting,down,facing,each,other,as,a,young,boy,runs,and,2,people,walk,towards,the,water,.,@@NULL@@
A,man,in,a,black,coat,and,hat,and,a,woman,in,a,blue,coat,with,pink,hat,snowshoeing,on,the,side,of,a,road,with,a,stoplight,in,the,background,.,@@NULL@@
A,man,wearing,glasses,and,a,ragged,costume,is,playing,a,Jaguar,electric,guitar,and,singing,with,the,accompaniment,of,a,drummer,.,@@NULL@@
The,small,child,is,wearing,winter,clothes,and,a,hat,.,@@NULL@@
A,young,boy,holding,a,red,toy,wearing,green,snowman,and,reindeer,pajamas,with,an,older,woman,on,a,couch,behind,him,.,@@NULL@@
Pedestrians,use,the,crosswalks,as,traffic,awaits,their,turn,to,drive,through,an,intersection,.,@@NULL@@
A,man,in,a,lab,coat,is,looking,through,a,microscope,.,@@NULL@@
A,basketball,player,wearing,blue,and,red,is,shooting,a,basket,while,onlookers,sit,outside,the,court,.,@@NULL@@
a,boy,wearing,jean,shorts,",",and,a,black,and,blue,shirt,",",reading,a,book,",",sits,on,a,rolling,device,up,against,a,wall,that,says,book,fair,",",while,other,people,stand,around,.,@@NULL@@
A,lady,stands,outside,of,a,Mexican,market,.,@@NULL@@
Two,women,in,bathing,suits,play,on,the,beach,.,@@NULL@@
A,man,plays,a,piano,painted,with,an,image,of,a,woman,on,it,.,@@NULL@@
A,dog,leaps,into,the,air,for,a,tennis,ball,.,@@NULL@@
A,young,man,in,a,white,hat,is,playing,golf,with,an,older,man,wearing,a,blue,",",long,-,sleeved,shirt,and,khakis,.,@@NULL@@
Family,sitting,down,in,a,field,of,grass,while,others,walk,by,.,@@NULL@@
A,man,sitting,on,a,statue,outdoors,",",near,a,woman,standing,next,to,him,.,@@NULL@@
A,little,girl,drawing,with,chalk,",",on,a,chalkboard,.,@@NULL@@
a,blond,woman,kissing,the,cheek,of,a,brown,-,haired,man,.,@@NULL@@
The,dog,is,in,the,snow,in,front,of,some,trees,.,@@NULL@@
A,woman,standing,with,smile,on,her,face,and,she,is,holding,a,wood,in,her,hand,@@NULL@@
The,man,in,white,is,playing,basketball,against,the,man,in,blue,.,@@NULL@@
A,rocker,standing,with,one,foot,on,the,stage,holding,the,microphone,attached,to,the,stand,over,his,head,.,@@NULL@@
Here,is,a,picture,of,a,man,waiting,for,the,bus,to,pick,him,up,and,he,is,hiding,his,face,.,@@NULL@@
A,man,siting,on,a,bench,with,a,briefcase,.,@@NULL@@
Two,men,work,outside,polishing,shoes,.,@@NULL@@
A,young,woman,dressed,up,semi,-,formally,is,reading,book,and,drinking,in,the,sun,",",seated,on,a,bench,.,@@NULL@@
Two,girls,holding,bags,walking,down,the,sidewalk,.,@@NULL@@
Three,men,dressed,in,suits,and,ties,clasps,their,raised,hands,while,standing,in,front,of,corporate,logos,.,@@NULL@@
A,woman,is,observing,pictures,on,a,camera,.,@@NULL@@
Child,plays,with,pigeon,in,busy,public,area,while,group,of,people,watch,him,play,.,@@NULL@@
A,guy,riding,a,motorcycle,near,junk,cars,@@NULL@@
Two,men,work,outside,polishing,shoes,.,@@NULL@@
Two,females,kneeling,and,a,man,sting,in,a,chair,looking,toward,a,man,in,robes,on,an,altar,.,@@NULL@@
A,white,man,in,a,red,shirt,riding,a,bike,.,@@NULL@@
Two,young,girls,with,long,brunette,hair,",",standing,in,front,of,a,stone,wall,playing,a,game,.,@@NULL@@
A,naked,man,rides,a,bike,.,@@NULL@@
A,young,girl,wearing,yellow,shorts,and,a,white,tank,top,using,a,cane,pole,to,fish,at,a,small,pond,.,@@NULL@@
A,young,female,standing,on,the,deck,of,a,boat,starring,at,her,cellphone,while,riding,on,the,water,.,@@NULL@@
In,a,snowy,residential,environment,",",a,man,with,a,brown,jacket,and,gray,mustache,and,beard,places,a,hand,on,a,felled,log,while,another,man,in,a,blue,shirt,is,blurry,on,the,right,side,of,the,photo,.,@@NULL@@
Little,girl,blows,bubbles,in,a,public,square,.,@@NULL@@
A,large,man,is,sitting,in,front,of,a,fountain,statue,while,talking,on,a,phone,.,@@NULL@@
Two,ladies,at,workout,in,mother,nature,.,@@NULL@@
A,solo,shot,of,a,man,riding,a,four,wheeler,in,an,atv,event,.,@@NULL@@
Woman,running,in,a,park,while,listening,to,music,.,@@NULL@@
A,woman,in,a,bathing,suit,is,sitting,on,a,dock,over,a,body,of,water,.,@@NULL@@
The,man,in,colorful,shorts,is,barefoot,.,@@NULL@@
The,white,dog,is,pulling,a,large,stick,.,@@NULL@@
A,man,a,woman,posing,for,a,picture,.,@@NULL@@
A,woman,cook,in,an,apron,is,smiling,at,the,camera,with,two,other,cooks,in,the,background,.,@@NULL@@
The,skateboarder,is,jumping,his,board,in,the,air,while,another,skateboarder,watches,.,@@NULL@@
Six,men,in,airport,standing,on,moving,walkway,@@NULL@@
A,group,of,friends,are,sitting,at,a,table,while,drinking,alcohol,at,their,local,pub,.,@@NULL@@
A,man,in,shorts,and,flip,-,flops,is,carrying,a,bag,on,his,back,.,@@NULL@@
A,group,of,children,divided,into,a,maroon,team,and,a,blue,team,playing,a,soccer,game,.,@@NULL@@
A,woman,walking,down,a,crowded,sidewalk,talking,on,her,cellphone,.,@@NULL@@
People,buy,fruits,and,vegetables,at,an,open,air,market,.,@@NULL@@
A,man,is,holding,a,microphone,in,front,of,his,mouth,.,@@NULL@@
A,woman,with,a,blue,hat,is,taking,photos,in,an,area,covered,in,brush,.,@@NULL@@
two,men,are,seen,talking,",",one,man,wears,pink,and,another,is,sporting,a,t,-,shirt,for,summer,school,60th,anniversary,.,@@NULL@@
A,school,aged,child,wearing,makeup,and,doing,a,hand,sign,sits,on,the,ground,among,similar,aged,children,who,are,all,making,the,same,sign,.,@@NULL@@
A,man,standing,on,a,street,with,a,suitcase,in,front,of,him,while,another,man,bends,down,to,look,at,what,is,displayed,on,top,of,it,.,@@NULL@@
A,boy,in,a,gray,and,yellow,jacket,is,raising,his,hand,in,front,of,others,sitting,around,him,.,@@NULL@@
In,this,picture,it,appears,that,a,man,is,falling,off,a,bull,while,attempting,to,ride,the,animal,.,@@NULL@@
A,little,girl,in,a,gray,shirt,smiles,as,she,brushes,her,teeth,with,a,yellow,and,orange,toothbrush,.,@@NULL@@
A,group,of,people,in,an,alley,looking,at,the,camera,.,@@NULL@@
Two,girls,aboard,an,amusement,park,ride,.,@@NULL@@
A,person,dressed,in,black,and,red,protective,gear,drives,an,ATV,on,a,track,.,@@NULL@@
A,woman,rollerblader,with,knee,and,elbow,pads,and,a,helmet,jumping,into,the,air,.,@@NULL@@
A,young,boy,is,taking,American,flags,to,place,them,where,they,will,remind,others,of,the,sacrifices,made,by,veterans,.,@@NULL@@
A,woman,doing,gymnastics,",",she,is,using,the,balance,beam,@@NULL@@
The,guy,in,the,black,jacket,is,standing,on,his,hand,on,a,checkered,rectangle,.,@@NULL@@
A,man,in,summer,clothing,skiing,on,thin,snow,.,@@NULL@@
a,man,wearing,a,red,jacket,and,camouflage,pants,is,leaning,against,a,giant,tree,in,the,snow,.,@@NULL@@
A,man,in,a,black,hat,opens,his,mouth,.,@@NULL@@
A,couple,of,newlyweds,kissing,underneath,the,bride,'s,veil,.,@@NULL@@
An,orange,on,the,floor,next,to,a,dog,.,@@NULL@@
A,man,wearing,a,yellow,motorcycle,jacket,on,a,motorcycle,in,midair,with,a,man,watching,in,the,background,@@NULL@@
A,large,number,of,people,are,watching,men,dressed,in,kilts,",",one,of,whom,has,thrown,a,long,pole,.,@@NULL@@
A,child,looks,at,a,cactus,garden,.,@@NULL@@
A,snowboarder,dressed,in,yellow,snow,pants,and,a,helmet,catches,some,air,on,fresh,powder,.,@@NULL@@
Construction,worker,standing,atop,an,unfinished,building,.,@@NULL@@
A,man,standing,on,a,green,boat,.,@@NULL@@
Two,strong,men,work,to,saw,a,log,.,@@NULL@@
A,man,is,throwing,a,small,white,ball,at,some,red,cups,.,@@NULL@@
A,group,of,people,",",mostly,in,straw,hats,",",follow,a,man,onto,a,beach,covered,with,many,large,rocks,.,@@NULL@@
A,woman,is,chatting,as,she,drinks,her,coffee,.,@@NULL@@
The,man,in,colorful,shorts,is,barefoot,.,@@NULL@@
Two,casually,-,dressed,men,",",one,in,a,cowboy,hat,and,one,in,a,baseball,cap,",",make,their,way,through,a,crowd,.,@@NULL@@
A,crowd,wearing,orange,cheering,for,their,team,in,a,stadium,.,@@NULL@@
A,group,of,uniformed,officers,in,a,street,wearing,a,mixture,of,gas,masks,and,face,shields,.,@@NULL@@
a,man,puts,his,hands,up,while,telling,an,amusing,story,to,his,friend,with,a,beard,.,@@NULL@@
A,man,of,the,cloth,puts,a,black,substance,on,a,man,'s,forehead,.,@@NULL@@
A,five,person,Brass,band,is,seated,",",semi,-,circularly,",",in,a,white,alcove,of,a,church,that,has,stained,glass,windows,.,@@NULL@@
San,Fransisco,49ers,football,field,with,cheerleaders,and,a,packed,stadium,.,@@NULL@@
A,dog,biting,a,man,'s,rear,@@NULL@@
A,man,with,a,beard,is,playing,an,acoustic,guitar,on,the,street,.,@@NULL@@
A,scruffy,man,is,standing,in,front,of,a,red,shopping,cart,filled,with,boxes,.,@@NULL@@
In,front,of,a,brick,house,with,a,straw,roof,and,some,figures,",",three,children,stand,",",two,of,them,holding,squares,of,blackboard,.,@@NULL@@
Two,men,renovate,a,brick,wall,outside,.,@@NULL@@
A,young,girl,with,glasses,sits,and,holds,two,American,flags,.,@@NULL@@
A,man,is,installing,a,roof,.,@@NULL@@
A,woman,in,a,red,jacket,and,sunglasses,smiles,at,the,camera,while,another,woman,unloads,skis,from,a,vehicle,.,@@NULL@@
An,old,man,in,a,gray,shirt,smiles,at,the,camera,while,doing,laundry,in,a,small,room,.,@@NULL@@
Child,swimming,in,a,pool,.,@@NULL@@
Several,cartoon,characters,are,behind,a,young,girl,sitting,in,a,highchair,with,a,bucket,and,SpongeBob,in,front,of,her,.,@@NULL@@
A,middle,-,aged,woman,in,a,light,brown,trench,coat,and,black,boots,walks,on,the,sidewalk,past,a,shop,entrance,.,@@NULL@@
A,dog,is,running,in,the,waves,at,the,beach,.,@@NULL@@
A,skateboarder,getting,ready,to,perform,on,a,half,-,tube,rink,where,there,are,trees,in,the,background,.,@@NULL@@
Man,sitting,on,bench,with,a,suitcase,in,front,of,PADDINGTON,sign,.,@@NULL@@
A,bicyclist,wearing,white,sunglasses,and,a,white,and,black,helmet,.,@@NULL@@
A,woman,poses,with,sunglasses,shaped,like,dollar,signs,and,a,silver,suitcase,labelled,`,`,LUCKY,'',full,of,bills,.,@@NULL@@
This,off,-,roading,driver,has,tipped,his,truck,.,@@NULL@@
Men,playing,basketball,",",the,guy,with,the,ball,is,attempting,a,layup,.,@@NULL@@
A,man,wearing,a,stocking,hat,and,has,a,beard,is,looking,at,the,camera,with,two,women,sitting,on,the,couch,next,to,him,.,@@NULL@@
3,cyclists,are,racing,ahead,of,a,red,BMW,",",with,the,leader,wearing,solid,white,helmet,and,black,cycling,pants,@@NULL@@
Construction,workers,on,lifts,working,on,a,building,.,@@NULL@@
a,man,standing,against,a,building,",",in,the,sunlight,",",as,you,can,see,the,shadow,of,the,person,taking,his,picture,@@NULL@@
A,ribbon,dancer,is,leaping,through,the,air,with,her,head,back,during,a,competition,",",green,ribbon,behind,her,.,@@NULL@@
A,boy,is,standing,in,a,pool,getting,splashed,with,water,.,@@NULL@@
A,few,women,and,children,are,collecting,items,from,rocks,.,@@NULL@@
Two,green,painted,women,perform,for,a,crowd,of,onlookers,.,@@NULL@@
A,young,cowboy,is,riding,bucking,bronco,in,an,arena,.,@@NULL@@
A,high,school,band,getting,ready,to,perform,.,@@NULL@@
A,man,in,a,purple,jersey,is,falling,down,while,chasing,a,player,in,a,green,jersey,playing,soccer,@@NULL@@
3,cyclists,are,racing,ahead,of,a,red,BMW,",",with,the,leader,wearing,solid,white,helmet,and,black,cycling,pants,@@NULL@@
Passengers,in,a,rusty,yellow,car,driving,down,the,street,.,@@NULL@@
Two,ladies,hiding,behind,their,cotton,candy,",",and,smiling,on,the,sidewalk,.,@@NULL@@
The,gentleman,is,speaking,while,the,others,are,listening,.,@@NULL@@
Cityscape,with,four,men,on,bikes,serving,as,the,focal,point,of,picture,.,@@NULL@@
Girl,wearing,white,shirt,sings,on,stage,while,playing,guitar,@@NULL@@
a,small,brown,and,white,dog,swimming,through,the,pool,next,to,a,man,.,@@NULL@@
Police,are,setting,up,a,barricade,due,to,a,fire,.,@@NULL@@
A,boat,pear,with,people,boarding,and,disembarking,some,boats,.,@@NULL@@
A,man,pointing,into,the,ear,wearing,a,striped,shirt,in,a,small,boat,filled,with,many,people,.,@@NULL@@
A,basketball,player,in,white,in,red,goes,up,for,the,shot,as,two,defensive,men,in,red,jump,up,to,block,the,shot,.,@@NULL@@
A,man,standing,in,front,of,a,building,on,the,phone,as,two,men,to,the,side,pain,on,the,side,.,@@NULL@@
Numerous,customers,browsing,for,produce,in,a,market,.,@@NULL@@
two,people,riding,their,bikes,down,a,street,together,.,@@NULL@@
women,'s,soccer,team,competing,on,the,field,.,@@NULL@@
Two,women,sitting,at,a,table,with,their,hands,together,.,@@NULL@@
A,lit,girl,splashes,around,in,natural,water,.,@@NULL@@
A,woman,in,a,white,shirt,inspects,a,black,garment,while,sitting,in,a,chair,at,a,festival,.,@@NULL@@
A,female,within,the,foreground,is,heading,towards,a,large,white,colored,pillar,that,is,apart,of,a,large,building,with,people,are,loitering,or,waiting,on,the,steps,of,said,building,.,@@NULL@@
A,woman,in,a,red,jacket,and,sunglasses,smiles,at,the,camera,while,another,woman,unloads,skis,from,a,vehicle,.,@@NULL@@
Three,little,kids,on,a,swing,set,;,one,is,upside,down,",",one,hanging,from,the,top,bar,",",and,on,a,swing,.,@@NULL@@
Instructor,on,Basket,weaving,at,fair,@@NULL@@
A,yellow,race,car,sliding,through,a,corner,as,spectators,watch,.,@@NULL@@
A,small,child,in,a,red,jacket,is,sitting,on,a,man,'s,shoulders,and,holding,his,head,.,@@NULL@@
The,man,in,the,black,t,-,shirt,is,trying,to,throw,something,.,@@NULL@@
A,police,person,is,on,a,motorcycle,on,the,side,of,a,street,.,@@NULL@@
A,little,boy,watches,from,his,stroller,as,an,older,boy,with,a,yellow,balloon,wanders,a,few,steps,away,in,a,fair,like,setting,.,@@NULL@@
Two,workers,",",one,in,a,ditch,and,one,standing,on,the,ground,",",are,working,in,front,of,a,house,.,@@NULL@@
A,brown,dog,jumps,over,an,obstacle,.,@@NULL@@
A,skier,being,helped,onto,a,red,stretcher,by,three,men,",",while,two,other,men,and,a,woman,prepare,to,help,.,@@NULL@@
The,man,walks,among,the,large,trees,.,@@NULL@@
People,checking,out,a,car,with,all,its,doors,open,in,a,parking,lot,in,the,city,.,@@NULL@@
Three,people,in,uniform,are,outdoors,and,are,observing,a,scene,which,is,out,of,the,picture,.,@@NULL@@
A,group,of,people,are,walking,down,a,busy,street,.,@@NULL@@
A,man,in,a,striped,shirt,standing,behind,a,large,pile,of,fruits,.,@@NULL@@
A,young,man,in,an,orange,shirt,",",maneuvers,a,skateboard,at,the,top,of,a,ramp,.,@@NULL@@
A,rally,in,a,different,country,.,@@NULL@@
A,bike,is,parked,against,a,window,to,a,store,called,Winter,Sport,where,inside,some,people,sit,next,to,a,computer,and,an,older,woman,stands,in,the,background,.,@@NULL@@
Two,ladies,hiding,behind,their,cotton,candy,",",and,smiling,on,the,sidewalk,.,@@NULL@@
A,man,cooking,with,fire,in,like,5,pots,at,the,same,time,!,@@NULL@@
A,older,man,working,at,a,loom,@@NULL@@
A,worker,is,on,a,cherry,picker,in,a,palm,tree,.,@@NULL@@
A,basketball,player,wearing,blue,and,red,is,shooting,a,basket,while,onlookers,sit,outside,the,court,.,@@NULL@@
A,shirtless,man,with,cropped,hair,smokes,a,cigarette,and,ties,a,plastic,bag,.,@@NULL@@
A,yellow,car,drives,across,a,snowy,path,.,@@NULL@@
A,curly,-,haired,man,is,talking,or,possibly,debating,with,a,blond,-,haired,man,in,front,of,a,table,.,@@NULL@@
A,crowd,gathered,on,either,side,of,a,soap,box,derby,",",with,a,single,soap,box,car,on,the,road,track,.,@@NULL@@
People,seated,at,long,tables,all,facing,the,same,direction,",",some,writing,and,some,watching,.,@@NULL@@
The,woman,in,the,black,shirt,hands,papers,to,the,children,surrounding,her,.,@@NULL@@
A,family,is,taking,part,in,a,walk,-,a,-,thon,.,@@NULL@@
A,woman,is,cleaning,up,by,putting,dishes,in,the,dishwasher,after,making,supper,.,@@NULL@@
A,man,in,tan,pants,is,eating,while,sitting,next,to,a,plate,and,a,pair,of,shoes,.,@@NULL@@
A,man,looks,at,an,iPad,on,a,subway,",",while,a,beautiful,women,reads,a,book,.,@@NULL@@
A,man,dressed,in,blue,places,mop,inside,a,green,bucket,as,he,stands,on,a,roof,that,overlooks,a,city,.,@@NULL@@
A,young,barefoot,girl,wearing,a,helmet,walks,down,a,mossy,covered,fallen,down,tree,.,@@NULL@@
a,man,walks,on,the,icy,sidewalk,.,@@NULL@@
Two,boys,running,down,a,outer,hallway,of,an,apartment,building,",",with,one,running,into,frame,with,the,other,running,ahead,down,the,hall,.,@@NULL@@
Two,men,are,shirtless,on,the,beach,on,a,beautiful,day,.,@@NULL@@
A,ballerina,standing,on,the,toes,of,one,food,with,one,arm,up,in,the,air,and,one,leg,lifted,behind,her,.,@@NULL@@
A,man,wearing,a,straw,hat,sitting,in,a,chair,holding,the,leash,on,a,dog,who,is,laying,on,the,sidewalk,next,to,him,.,@@NULL@@
A,canoe,in,the,distance,on,a,lake,as,seen,from,another,canoe,.,@@NULL@@
Young,men,drink,coffee,and,read,books,just,outside,some,buildings,on,a,sunny,day,;,an,older,bearded,man,in,a,dark,blue,shirt,glances,at,a,younger,man,in,a,striped,shirt,",",who,has,a,red,toy,crab,on,the,table,next,to,him,.,@@NULL@@
The,football,player,prepares,to,kick,the,ball,.,@@NULL@@
A,dusty,boy,runs,along,a,dirt,path,through,the,grass,.,@@NULL@@
A,man,and,woman,in,formal,attire,are,standing,in,a,high,grass,meadow,",",posing,for,the,photographer,",",and,she,has,two,of,her,fingers,up,on,one,hand,behind,his,head,.,@@NULL@@
A,balding,man,with,glasses,stands,in,front,of,a,colorful,display,.,@@NULL@@
There,are,two,young,ladies,jogging,",",by,the,ocean,side,.,@@NULL@@
Two,male,soccer,players,on,opposing,teams,are,trying,to,get,the,soccer,ball,.,@@NULL@@
An,old,woman,wearing,a,ski,hat,and,glasses,is,sitting,on,a,blue,chair,.,@@NULL@@
An,elderly,man,with,glasses,",",a,red,ball,cap,and,backpack,is,standing,in,front,of,an,open,doorway,.,@@NULL@@
Two,men,and,two,women,in,jackets,walk,down,a,large,city,street,.,@@NULL@@
Man,with,plaid,shirt,staring,off,into,the,distance,.,@@NULL@@
Two,women,stand,in,a,kitchen,and,wipe,down,trays,@@NULL@@
Elderly,woman,climbing,up,the,stairs,.,@@NULL@@
A,man,is,playing,with,his,skateboard,on,a,street,.,@@NULL@@
Young,woman,is,putting,her,clothes,in,the,dryer,portion,of,a,double,stacked,washer,and,dryer,unit,.,@@NULL@@
Group,of,people,including,a,man,and,a,woman,playing,instruments,on,a,double,-,decker,red,Planet,Hollywood,sightseeing,bus,.,@@NULL@@
A,concert,with,a,blue,shirted,boy,in,the,front,and,light,shining,in,the,back,@@NULL@@
Three,people,wearing,black,blindfolds,near,a,`,`,Salvar,O,Planeta,'',sign,.,@@NULL@@
Group,of,people,standing,on,a,snow,covered,ground,",",some,are,holding,brooms,",",there,is,a,dog,with,the,group,.,@@NULL@@
A,child,in,a,ninja,outfit,does,a,jumping,kick,.,@@NULL@@
A,woman,in,a,black,hooded,sweatshirt,walking,with,a,large,dog,.,@@NULL@@
A,man,on,a,bicycle,",",wearing,cycle,gear,",",riding,at,a,fast,past,down,paved,trail,surrounded,by,tree,'s,and,grass,.,@@NULL@@
A,group,of,attentive,students,are,paying,attention,to,a,college,lecture,.,@@NULL@@
People,walk,and,bicycle,down,an,alley,between,white,buildings,with,blue,trim,.,@@NULL@@
A,female,marathon,runner,wearing,a,red,headband,",",a,red,tank,top,and,black,shorts,jogging,down,a,paved,road,.,@@NULL@@
A,person,is,sitting,on,a,yellow,picnic,table,with,a,water,bottle,",",while,a,baby,stroller,sits,beside,her,.,@@NULL@@
Two,girls,pose,along,a,tree,-,lined,path,and,blow,kisses,towards,the,camera,.,@@NULL@@
One,man,on,the,left,with,black,hair,",",wearing,glasses,",",and,another,man,on,the,right,with,slightly,graying,black,hair,",",without,glasses,but,clasping,his,hands,together,",",are,laughing,.,@@NULL@@
3,girls,chatting,and,laughing,on,the,stairwell,.,@@NULL@@
Two,men,wearing,black,smile,while,a,seated,woman,behind,them,looks,tired,.,@@NULL@@
A,girl,in,a,blue,shirt,hugging,a,girl,also,in,a,blue,shirt,.,@@NULL@@
A,man,with,a,tan,jacket,with,a,full,grocery,bag,is,crossing,the,street,.,@@NULL@@
A,man,with,medium,length,curly,hair,",",wearing,a,button,down,shirt,and,bracelets,",",sings,into,a,microphone,while,he,plays,a,guitar,.,@@NULL@@
A,man,and,a,Woman,cutting,dough,.,@@NULL@@
Indian,musicians,playing,in,the,evening,on,a,pillow,",",while,life,behind,them,continues,.,@@NULL@@
A,man,riding,his,bike,wearing,his,helmet,in,front,of,an,audience,.,@@NULL@@
A,red,truck,is,parked,next,to,a,burning,blue,building,while,a,man,in,a,green,vest,runs,toward,it,.,@@NULL@@
A,yellow,backhoe,near,a,large,pile,of,dirt,and,rocks,near,a,blue,machine,with,a,worker,standing,on,it,.,@@NULL@@
Child,getting,ready,to,go,down,a,slide,.,@@NULL@@
A,white,man,in,a,blue,uniform,is,pushing,away,a,black,man,in,a,red,uniform,while,the,two,play,soccer,on,a,green,field,.,@@NULL@@
A,young,man,in,a,gray,shirt,hovers,over,his,beer,bottle,and,Guinness,glass,pulling,green,things,out,of,his,beard,.,@@NULL@@
A,man,in,colorful,shorts,is,surfing,under,a,wave,.,@@NULL@@
a,brown,dog,with,a,yellow,toy,in,his,mouth,is,jumping,off,the,grassy,ground,@@NULL@@
A,bicyclist,wearing,white,sunglasses,and,a,white,and,black,helmet,.,@@NULL@@
A,boy,in,shorts,doing,a,skateboard,trick,.,@@NULL@@
A,young,girl,standing,in,front,of,a,row,of,yellow,chairs,.,@@NULL@@
A,group,of,Amish,people,",",men,and,women,",",standing,at,a,fence,overlooking,a,forest,and,river,.,@@NULL@@
A,couple,is,eating,outside,at,a,table,and,he,is,pointing,at,something,.,@@NULL@@
There,'s,a,red,bus,making,a,left,turn,into,a,traffic,circle,that,has,a,sprinkler,system,.,@@NULL@@
Three,men,dancing,as,a,group,of,people,watch,.,@@NULL@@
A,little,boy,wearing,a,yellow,",",white,and,black,striped,shirt,is,whispering,a,secret,to,a,little,girl,wearing,a,white,long,sleeved,-,shirt,.,@@NULL@@
A,white,man,in,a,red,shirt,riding,a,bike,.,@@NULL@@
A,dog,is,running,in,the,waves,at,the,beach,.,@@NULL@@
Two,small,boys,in,blue,soccer,uniforms,use,a,wooden,set,of,steps,to,wash,their,hands,in,an,adult,-,sized,bathroom,.,@@NULL@@
A,child,with,wet,hair,is,holding,a,butterfly,decorated,beach,ball,.,@@NULL@@
A,busy,street,with,numerous,people,interacting,and,going,about,their,lives,.,@@NULL@@
A,small,child,is,giving,heavy,metal,signs,@@NULL@@
Three,children,in,a,black,dog,kennel,.,@@NULL@@
A,little,boy,is,getting,is,birthday,cake,and,is,blowing,out,the,candles,.,@@NULL@@
A,woman,leans,over,a,small,fence,to,take,a,picture,of,a,yellow,flower,.,@@NULL@@
A,group,of,people,in,front,of,some,tan,colored,tents,from,the,american,Parkinsons,disease,association,.,@@NULL@@
Men,wearing,hats,walk,on,the,street,.,@@NULL@@
A,woman,and,a,baby,are,watching,a,boy,play,.,@@NULL@@
A,young,blond,child,eats,chocolate,cake,with,his,fingers,while,holding,the,spoon,in,their,other,hand,.,@@NULL@@
A,dark,-,haired,man,in,a,black,uniform,is,speaking,to,a,man,wearing,a,black,jacket,and,black,helmet,on,a,motorbike,.,@@NULL@@
Man,taking,photos,of,seagulls,over,the,ocean,.,@@NULL@@
an,african,man,is,being,dragged,though,wet,mud,by,two,cows,whilst,other,people,watch,.,@@NULL@@
The,two,dogs,are,playing,catch,with,a,red,Frisbee,.,@@NULL@@
a,group,of,skiers,jumping,down,slopes,with,the,sun,directly,cast,in,backgroud,@@NULL@@
A,hockey,player,in,helmet,.,@@NULL@@
A,man,holding,a,picture,of,a,small,dog,is,painting,a,small,dog,in,near,life,size,on,a,white,canvas,.,@@NULL@@
A,person,in,a,red,jacket,and,a,red,hard,hat,stands,near,a,mountain,.,@@NULL@@
an,older,man,wearing,a,suit,has,his,arms,folded,behind,his,back,and,looking,in,a,store,window,.,@@NULL@@
A,young,man,blew,up,balloons,to,craft,into,animals,for,the,seven,excited,children,that,looked,on,.,@@NULL@@
In,this,picture,it,appears,that,a,man,is,falling,off,a,bull,while,attempting,to,ride,the,animal,.,@@NULL@@
Two,beautiful,",",little,girls,with,dark,hair,and,dark,complexions,are,sitting,down,eating,cupcakes,.,@@NULL@@
The,team,swiftly,moves,their,traditional,boat,down,the,river,.,@@NULL@@
A,man,",",boy,and,a,white,dog,are,looking,at,a,display,of,postcards,.,@@NULL@@
A,man,and,a,woman,stand,in,front,of,a,Christmas,tree,contemplating,a,single,thought,.,@@NULL@@
People,are,sitting,at,tables,.,@@NULL@@
